combination_id,core,blade,assist,gear,tip,result,error_code,axis_error_mm,datum_error_mm,phase_error_deg,unexpected_overlap_mm3,total_height_mm,total_diameter_mm,triangle_count,material_count,validation_duration_ms,audit_note
nss-p2c-0001,core_solar_wolf,blade_dual_comet,assist_air,gear_high,tip_ball_defense,PASS,,0.0,4.6566128730773926e-07,0.0,0.0,26.80000034160912,67.76109710335732,8784,5,3.9482000283896923,"Human visual review remains pending. Technical continuation was authorized by documented provisional exception, not by fabricated review data."
nss-p2c-0002,core_solar_wolf,blade_dual_comet,assist_air,gear_high,tip_flat_attack,PASS,,0.0,4.6566128730773926e-07,0.0,0.0,25.640000822022557,67.76109710335732,8496,4,2.4814000353217125,"Human visual review remains pending. Technical continuation was authorized by documented provisional exception, not by fabricated review data."
nss-p2c-0003,core_solar_wolf,blade_dual_comet,assist_air,gear_high,tip_needle_stamina,PASS,,0.0,4.6566128730773926e-07,0.0,0.0,27.60000084526837,67.76109710335732,8912,4,1.979399996344,"Human visual review remains pending. Technical continuation was authorized by documented provisional exception, not by fabricated review data."
nss-p2c-0004,core_solar_wolf,blade_dual_comet,assist_air,gear_high,tip_taper_balance,PASS,,0.0,4.6566128730773926e-07,0.0,0.0,27.099999831989408,67.76109710335732,8912,4,2.4648000253364444,"Human visual review remains pending. Technical continuation was authorized by documented provisional exception, not by fabricated review data."
nss-p2c-0005,core_solar_wolf,blade_dual_comet,assist_air,gear_low,tip_ball_defense,PASS,,0.0,4.6566128730773926e-07,0.0,0.0,24.800001876428723,67.76109710335732,6960,5,2.0877000060863793,"Human visual review remains pending. Technical continuation was authorized by documented provisional exception, not by fabricated review data."
nss-p2c-0006,core_solar_wolf,blade_dual_comet,assist_air,gear_low,tip_flat_attack,PASS,,0.0,4.6566128730773926e-07,0.0,0.0,23.64000235684216,67.76109710335732,6672,4,2.019599953200668,"Human visual review remains pending. Technical continuation was authorized by documented provisional exception, not by fabricated review data."
nss-p2c-0007,core_solar_wolf,blade_dual_comet,assist_air,gear_low,tip_needle_stamina,PASS,,0.0,4.6566128730773926e-07,0.0,0.0,25.600000517442822,67.76109710335732,7088,4,2.7646999806165695,"Human visual review remains pending. Technical continuation was authorized by documented provisional exception, not by fabricated review data."
nss-p2c-0008,core_solar_wolf,blade_dual_comet,assist_air,gear_low,tip_taper_balance,PASS,,0.0,4.6566128730773926e-07,0.0,0.0,25.10000136680901,67.76109710335732,7088,4,2.787899982649833,"Human visual review remains pending. Technical continuation was authorized by documented provisional exception, not by fabricated review data."
nss-p2c-0009,core_solar_wolf,blade_dual_comet,assist_air,gear_medium,tip_ball_defense,PASS,,0.0,4.6566128730773926e-07,0.0,0.0,25.799998315051198,67.76109710335732,8208,5,2.273599966429174,"Human visual review remains pending. Technical continuation was authorized by documented provisional exception, not by fabricated review data."
nss-p2c-0010,core_solar_wolf,blade_dual_comet,assist_air,gear_medium,tip_flat_attack,PASS,,0.0,4.6566128730773926e-07,0.0,0.0,24.639998795464635,67.76109710335732,7920,4,2.500699949450791,"Human visual review remains pending. Technical continuation was authorized by documented provisional exception, not by fabricated review data."
nss-p2c-0011,core_solar_wolf,blade_dual_comet,assist_air,gear_medium,tip_needle_stamina,PASS,,0.0,4.6566128730773926e-07,0.0,0.0,26.599998818710446,67.76109710335732,8336,4,2.6920000091195107,"Human visual review remains pending. Technical continuation was authorized by documented provisional exception, not by fabricated review data."
nss-p2c-0012,core_solar_wolf,blade_dual_comet,assist_air,gear_medium,tip_taper_balance,PASS,,0.0,4.6566128730773926e-07,0.0,0.0,26.099997805431485,67.76109710335732,8336,4,2.538300002925098,"Human visual review remains pending. Technical continuation was authorized by documented provisional exception, not by fabricated review data."
nss-p2c-0013,core_solar_wolf,blade_dual_comet,assist_guard,gear_high,tip_ball_defense,PASS,,0.0,4.6566128730773926e-07,0.0,0.0,27.000000001862645,69.82934847474098,8256,5,2.307899994775653,"Human visual review remains pending. Technical continuation was authorized by documented provisional exception, not by fabricated review data."
nss-p2c-0014,core_solar_wolf,blade_dual_comet,assist_guard,gear_high,tip_flat_attack,PASS,,0.0,4.6566128730773926e-07,0.0,0.0,25.840000482276082,69.82934847474098,7968,5,2.1807000157423317,"Human visual review remains pending. Technical continuation was authorized by documented provisional exception, not by fabricated review data."
nss-p2c-0015,core_solar_wolf,blade_dual_comet,assist_guard,gear_high,tip_needle_stamina,PASS,,0.0,4.6566128730773926e-07,0.0,0.0,27.800000505521894,69.82934847474098,8384,5,1.997700019273907,"Human visual review remains pending. Technical continuation was authorized by documented provisional exception, not by fabricated review data."
nss-p2c-0016,core_solar_wolf,blade_dual_comet,assist_guard,gear_high,tip_taper_balance,PASS,,0.0,4.6566128730773926e-07,0.0,0.0,27.299999492242932,69.82934847474098,8384,5,2.845300012268126,"Human visual review remains pending. Technical continuation was authorized by documented provisional exception, not by fabricated review data."
nss-p2c-0017,core_solar_wolf,blade_dual_comet,assist_guard,gear_low,tip_ball_defense,PASS,,0.0,4.6566128730773926e-07,0.0,0.0,25.000001536682248,69.82934847474098,6432,5,2.4855000083334744,"Human visual review remains pending. Technical continuation was authorized by documented provisional exception, not by fabricated review data."
nss-p2c-0018,core_solar_wolf,blade_dual_comet,assist_guard,gear_low,tip_flat_attack,PASS,,0.0,4.6566128730773926e-07,0.0,0.0,23.840002017095685,69.82934847474098,6144,5,2.468499995302409,"Human visual review remains pending. Technical continuation was authorized by documented provisional exception, not by fabricated review data."
nss-p2c-0019,core_solar_wolf,blade_dual_comet,assist_guard,gear_low,tip_needle_stamina,PASS,,0.0,4.6566128730773926e-07,0.0,0.0,25.800000177696347,69.82934847474098,6560,5,2.7546999626792967,"Human visual review remains pending. Technical continuation was authorized by documented provisional exception, not by fabricated review data."
nss-p2c-0020,core_solar_wolf,blade_dual_comet,assist_guard,gear_low,tip_taper_balance,PASS,,0.0,4.6566128730773926e-07,0.0,0.0,25.300001027062535,69.82934847474098,6560,5,2.215099986642599,"Human visual review remains pending. Technical continuation was authorized by documented provisional exception, not by fabricated review data."
nss-p2c-0021,core_solar_wolf,blade_dual_comet,assist_guard,gear_medium,tip_ball_defense,PASS,,0.0,4.6566128730773926e-07,0.0,0.0,25.999997975304723,69.82934847474098,7680,5,2.38389999140054,"Human visual review remains pending. Technical continuation was authorized by documented provisional exception, not by fabricated review data."
nss-p2c-0022,core_solar_wolf,blade_dual_comet,assist_guard,gear_medium,tip_flat_attack,PASS,,0.0,4.6566128730773926e-07,0.0,0.0,24.83999845571816,69.82934847474098,7392,5,2.286400005687028,"Human visual review remains pending. Technical continuation was authorized by documented provisional exception, not by fabricated review data."
nss-p2c-0023,core_solar_wolf,blade_dual_comet,assist_guard,gear_medium,tip_needle_stamina,PASS,,0.0,4.6566128730773926e-07,0.0,0.0,26.79999847896397,69.82934847474098,7808,5,2.036400022916496,"Human visual review remains pending. Technical continuation was authorized by documented provisional exception, not by fabricated review data."
nss-p2c-0024,core_solar_wolf,blade_dual_comet,assist_guard,gear_medium,tip_taper_balance,PASS,,0.0,4.6566128730773926e-07,0.0,0.0,26.29999746568501,69.82934847474098,7808,5,2.1223999792709947,"Human visual review remains pending. Technical continuation was authorized by documented provisional exception, not by fabricated review data."
nss-p2c-0025,core_solar_wolf,blade_dual_comet,assist_heavy,gear_high,tip_ball_defense,PASS,,0.0,9.313225746154785e-07,0.0,0.0,27.19999966211617,70.0293481349945,8256,5,2.4914999958127737,"Human visual review remains pending. Technical continuation was authorized by documented provisional exception, not by fabricated review data."
nss-p2c-0026,core_solar_wolf,blade_dual_comet,assist_heavy,gear_high,tip_flat_attack,PASS,,0.0,9.313225746154785e-07,0.0,0.0,26.040000142529607,70.0293481349945,7968,5,2.1502000163309276,"Human visual review remains pending. Technical continuation was authorized by documented provisional exception, not by fabricated review data."
nss-p2c-0027,core_solar_wolf,blade_dual_comet,assist_heavy,gear_high,tip_needle_stamina,PASS,,0.0,9.313225746154785e-07,0.0,0.0,28.00000016577542,70.0293481349945,8384,5,2.0304000354371965,"Human visual review remains pending. Technical continuation was authorized by documented provisional exception, not by fabricated review data."
nss-p2c-0028,core_solar_wolf,blade_dual_comet,assist_heavy,gear_high,tip_taper_balance,PASS,,0.0,9.313225746154785e-07,0.0,0.0,27.499999152496457,70.0293481349945,8384,5,2.068999980110675,"Human visual review remains pending. Technical continuation was authorized by documented provisional exception, not by fabricated review data."
nss-p2c-0029,core_solar_wolf,blade_dual_comet,assist_heavy,gear_low,tip_ball_defense,PASS,,0.0,4.6566128730773926e-07,0.0,0.0,25.200001196935773,70.0293481349945,6432,5,2.306199981831014,"Human visual review remains pending. Technical continuation was authorized by documented provisional exception, not by fabricated review data."
nss-p2c-0030,core_solar_wolf,blade_dual_comet,assist_heavy,gear_low,tip_flat_attack,PASS,,0.0,4.6566128730773926e-07,0.0,0.0,24.04000167734921,70.0293481349945,6144,5,2.5662999833002687,"Human visual review remains pending. Technical continuation was authorized by documented provisional exception, not by fabricated review data."
nss-p2c-0031,core_solar_wolf,blade_dual_comet,assist_heavy,gear_low,tip_needle_stamina,PASS,,0.0,4.6566128730773926e-07,0.0,0.0,26.00000170059502,70.0293481349945,6560,5,2.008699986618012,"Human visual review remains pending. Technical continuation was authorized by documented provisional exception, not by fabricated review data."
nss-p2c-0032,core_solar_wolf,blade_dual_comet,assist_heavy,gear_low,tip_taper_balance,PASS,,0.0,4.6566128730773926e-07,0.0,0.0,25.50000254996121,70.0293481349945,6560,5,2.045900037046522,"Human visual review remains pending. Technical continuation was authorized by documented provisional exception, not by fabricated review data."
nss-p2c-0033,core_solar_wolf,blade_dual_comet,assist_heavy,gear_medium,tip_ball_defense,PASS,,0.0,9.313225746154785e-07,0.0,0.0,26.199999498203397,70.0293481349945,7680,5,2.3015000042505562,"Human visual review remains pending. Technical continuation was authorized by documented provisional exception, not by fabricated review data."
nss-p2c-0034,core_solar_wolf,blade_dual_comet,assist_heavy,gear_medium,tip_flat_attack,PASS,,0.0,9.313225746154785e-07,0.0,0.0,25.039999978616834,70.0293481349945,7392,5,1.9151000306010246,"Human visual review remains pending. Technical continuation was authorized by documented provisional exception, not by fabricated review data."
nss-p2c-0035,core_solar_wolf,blade_dual_comet,assist_heavy,gear_medium,tip_needle_stamina,PASS,,0.0,9.313225746154785e-07,0.0,0.0,27.000000001862645,70.0293481349945,7808,5,1.976699975784868,"Human visual review remains pending. Technical continuation was authorized by documented provisional exception, not by fabricated review data."
nss-p2c-0036,core_solar_wolf,blade_dual_comet,assist_heavy,gear_medium,tip_taper_balance,PASS,,0.0,9.313225746154785e-07,0.0,0.0,26.500000851228833,70.0293481349945,7808,5,2.6757000014185905,"Human visual review remains pending. Technical continuation was authorized by documented provisional exception, not by fabricated review data."
nss-p2c-0037,core_solar_wolf,blade_iron_bastion,assist_air,gear_high,tip_ball_defense,PASS,,0.0,4.6566128730773926e-07,0.0,0.0,26.700000511482358,70.00000029802322,9168,5,2.519099973142147,"Human visual review remains pending. Technical continuation was authorized by documented provisional exception, not by fabricated review data."
nss-p2c-0038,core_solar_wolf,blade_iron_bastion,assist_air,gear_high,tip_flat_attack,PASS,,0.0,4.6566128730773926e-07,0.0,0.0,25.540000991895795,70.00000029802322,8880,5,2.3151999921537936,"Human visual review remains pending. Technical continuation was authorized by documented provisional exception, not by fabricated review data."
nss-p2c-0039,core_solar_wolf,blade_iron_bastion,assist_air,gear_high,tip_needle_stamina,PASS,,0.0,4.6566128730773926e-07,0.0,0.0,27.500001015141606,70.00000029802322,9296,5,2.503100025933236,"Human visual review remains pending. Technical continuation was authorized by documented provisional exception, not by fabricated review data."
nss-p2c-0040,core_solar_wolf,blade_iron_bastion,assist_air,gear_high,tip_taper_balance,PASS,,0.0,4.6566128730773926e-07,0.0,0.0,27.000001864507794,70.00000029802322,9296,5,2.7123999898321927,"Human visual review remains pending. Technical continuation was authorized by documented provisional exception, not by fabricated review data."
nss-p2c-0041,core_solar_wolf,blade_iron_bastion,assist_air,gear_low,tip_ball_defense,PASS,,0.0,4.6566128730773926e-07,0.0,0.0,24.70000204630196,70.00000029802322,7344,4,2.534399973228574,"Human visual review remains pending. Technical continuation was authorized by documented provisional exception, not by fabricated review data."
nss-p2c-0042,core_solar_wolf,blade_iron_bastion,assist_air,gear_low,tip_flat_attack,PASS,,0.0,4.6566128730773926e-07,0.0,0.0,23.54000066407025,70.00000029802322,7056,4,2.55129998549819,"Human visual review remains pending. Technical continuation was authorized by documented provisional exception, not by fabricated review data."
nss-p2c-0043,core_solar_wolf,blade_iron_bastion,assist_air,gear_low,tip_needle_stamina,PASS,,0.0,4.6566128730773926e-07,0.0,0.0,25.50000254996121,70.00000029802322,7472,4,2.6479000225663185,"Human visual review remains pending. Technical continuation was authorized by documented provisional exception, not by fabricated review data."
nss-p2c-0044,core_solar_wolf,blade_iron_bastion,assist_air,gear_low,tip_taper_balance,PASS,,0.0,4.6566128730773926e-07,0.0,0.0,25.000001536682248,70.00000029802322,7472,4,2.6419999776408076,"Human visual review remains pending. Technical continuation was authorized by documented provisional exception, not by fabricated review data."
nss-p2c-0045,core_solar_wolf,blade_iron_bastion,assist_air,gear_medium,tip_ball_defense,PASS,,0.0,4.6566128730773926e-07,0.0,0.0,25.699998484924436,70.00000029802322,8592,4,2.2706000017933547,"Human visual review remains pending. Technical continuation was authorized by documented provisional exception, not by fabricated review data."
nss-p2c-0046,core_solar_wolf,blade_iron_bastion,assist_air,gear_medium,tip_flat_attack,PASS,,0.0,4.6566128730773926e-07,0.0,0.0,24.539998965337873,70.00000029802322,8304,4,2.3892000317573547,"Human visual review remains pending. Technical continuation was authorized by documented provisional exception, not by fabricated review data."
nss-p2c-0047,core_solar_wolf,blade_iron_bastion,assist_air,gear_medium,tip_needle_stamina,PASS,,0.0,4.6566128730773926e-07,0.0,0.0,26.499998988583684,70.00000029802322,8720,4,2.56470002932474,"Human visual review remains pending. Technical continuation was authorized by documented provisional exception, not by fabricated review data."
nss-p2c-0048,core_solar_wolf,blade_iron_bastion,assist_air,gear_medium,tip_taper_balance,PASS,,0.0,4.6566128730773926e-07,0.0,0.0,25.999999837949872,70.00000029802322,8720,4,2.533599967136979,"Human visual review remains pending. Technical continuation was authorized by documented provisional exception, not by fabricated review data."
nss-p2c-0049,core_solar_wolf,blade_iron_bastion,assist_guard,gear_high,tip_ball_defense,PASS,,0.0,4.6566128730773926e-07,0.0,0.0,26.900000171735883,70.00000029802322,8640,5,2.9538999660871923,"Human visual review remains pending. Technical continuation was authorized by documented provisional exception, not by fabricated review data."
nss-p2c-0050,core_solar_wolf,blade_iron_bastion,assist_guard,gear_high,tip_flat_attack,PASS,,0.0,4.6566128730773926e-07,0.0,0.0,25.74000065214932,70.00000029802322,8352,5,2.500400005374104,"Human visual review remains pending. Technical continuation was authorized by documented provisional exception, not by fabricated review data."
nss-p2c-0051,core_solar_wolf,blade_iron_bastion,assist_guard,gear_high,tip_needle_stamina,PASS,,0.0,4.6566128730773926e-07,0.0,0.0,27.70000067539513,70.00000029802322,8768,5,2.9619000270031393,"Human visual review remains pending. Technical continuation was authorized by documented provisional exception, not by fabricated review data."
nss-p2c-0052,core_solar_wolf,blade_iron_bastion,assist_guard,gear_high,tip_taper_balance,PASS,,0.0,4.6566128730773926e-07,0.0,0.0,27.20000152476132,70.00000029802322,8768,5,2.36169999698177,"Human visual review remains pending. Technical continuation was authorized by documented provisional exception, not by fabricated review data."
nss-p2c-0053,core_solar_wolf,blade_iron_bastion,assist_guard,gear_low,tip_ball_defense,PASS,,0.0,4.6566128730773926e-07,0.0,0.0,24.900001706555486,70.00000029802322,6816,3,2.406699990388006,"Human visual review remains pending. Technical continuation was authorized by documented provisional exception, not by fabricated review data."
nss-p2c-0054,core_solar_wolf,blade_iron_bastion,assist_guard,gear_low,tip_flat_attack,PASS,,0.0,4.6566128730773926e-07,0.0,0.0,23.740000324323773,70.00000029802322,6528,3,2.285700000356883,"Human visual review remains pending. Technical continuation was authorized by documented provisional exception, not by fabricated review data."
nss-p2c-0055,core_solar_wolf,blade_iron_bastion,assist_guard,gear_low,tip_needle_stamina,PASS,,0.0,4.6566128730773926e-07,0.0,0.0,25.700002210214734,70.00000029802322,6944,4,2.3643000167794526,"Human visual review remains pending. Technical continuation was authorized by documented provisional exception, not by fabricated review data."
nss-p2c-0056,core_solar_wolf,blade_iron_bastion,assist_guard,gear_low,tip_taper_balance,PASS,,0.0,4.6566128730773926e-07,0.0,0.0,25.200001196935773,70.00000029802322,6944,3,2.3754999856464565,"Human visual review remains pending. Technical continuation was authorized by documented provisional exception, not by fabricated review data."
nss-p2c-0057,core_solar_wolf,blade_iron_bastion,assist_guard,gear_medium,tip_ball_defense,PASS,,0.0,4.6566128730773926e-07,0.0,0.0,25.89999814517796,70.00000029802322,8064,3,2.0916000357829034,"Human visual review remains pending. Technical continuation was authorized by documented provisional exception, not by fabricated review data."
nss-p2c-0058,core_solar_wolf,blade_iron_bastion,assist_guard,gear_medium,tip_flat_attack,PASS,,0.0,4.6566128730773926e-07,0.0,0.0,24.739998625591397,70.00000029802322,7776,3,2.1764999837614596,"Human visual review remains pending. Technical continuation was authorized by documented provisional exception, not by fabricated review data."
nss-p2c-0059,core_solar_wolf,blade_iron_bastion,assist_guard,gear_medium,tip_needle_stamina,PASS,,0.0,4.6566128730773926e-07,0.0,0.0,26.69999864883721,70.00000029802322,8192,4,2.178700000513345,"Human visual review remains pending. Technical continuation was authorized by documented provisional exception, not by fabricated review data."
nss-p2c-0060,core_solar_wolf,blade_iron_bastion,assist_guard,gear_medium,tip_taper_balance,PASS,,0.0,4.6566128730773926e-07,0.0,0.0,26.199999498203397,70.00000029802322,8192,3,2.390200039371848,"Human visual review remains pending. Technical continuation was authorized by documented provisional exception, not by fabricated review data."
nss-p2c-0061,core_solar_wolf,blade_iron_bastion,assist_heavy,gear_high,tip_ball_defense,PASS,,0.0,9.313225746154785e-07,0.0,0.0,27.099999831989408,70.00000029802322,8640,5,2.184899989515543,"Human visual review remains pending. Technical continuation was authorized by documented provisional exception, not by fabricated review data."
nss-p2c-0062,core_solar_wolf,blade_iron_bastion,assist_heavy,gear_high,tip_flat_attack,PASS,,0.0,9.313225746154785e-07,0.0,0.0,25.940000312402844,70.00000029802322,8352,5,2.301400003489107,"Human visual review remains pending. Technical continuation was authorized by documented provisional exception, not by fabricated review data."
nss-p2c-0063,core_solar_wolf,blade_iron_bastion,assist_heavy,gear_high,tip_needle_stamina,PASS,,0.0,9.313225746154785e-07,0.0,0.0,27.900000335648656,70.00000029802322,8768,5,2.2129000280983746,"Human visual review remains pending. Technical continuation was authorized by documented provisional exception, not by fabricated review data."
nss-p2c-0064,core_solar_wolf,blade_iron_bastion,assist_heavy,gear_high,tip_taper_balance,PASS,,0.0,9.313225746154785e-07,0.0,0.0,27.400001185014844,70.00000029802322,8768,5,2.2714000078849494,"Human visual review remains pending. Technical continuation was authorized by documented provisional exception, not by fabricated review data."
nss-p2c-0065,core_solar_wolf,blade_iron_bastion,assist_heavy,gear_low,tip_ball_defense,PASS,,0.0,4.6566128730773926e-07,0.0,0.0,25.10000136680901,70.00000029802322,6816,3,20.31600003829226,"Human visual review remains pending. Technical continuation was authorized by documented provisional exception, not by fabricated review data."
nss-p2c-0066,core_solar_wolf,blade_iron_bastion,assist_heavy,gear_low,tip_flat_attack,PASS,,0.0,4.6566128730773926e-07,0.0,0.0,23.940001847222447,70.00000029802322,6528,3,3.1843999749980867,"Human visual review remains pending. Technical continuation was authorized by documented provisional exception, not by fabricated review data."
nss-p2c-0067,core_solar_wolf,blade_iron_bastion,assist_heavy,gear_low,tip_needle_stamina,PASS,,0.0,4.6566128730773926e-07,0.0,0.0,25.90000187046826,70.00000029802322,6944,4,2.5080000050365925,"Human visual review remains pending. Technical continuation was authorized by documented provisional exception, not by fabricated review data."
nss-p2c-0068,core_solar_wolf,blade_iron_bastion,assist_heavy,gear_low,tip_taper_balance,PASS,,0.0,4.6566128730773926e-07,0.0,0.0,25.400000857189298,70.00000029802322,6944,3,2.3224999895319343,"Human visual review remains pending. Technical continuation was authorized by documented provisional exception, not by fabricated review data."
nss-p2c-0069,core_solar_wolf,blade_iron_bastion,assist_heavy,gear_medium,tip_ball_defense,PASS,,0.0,9.313225746154785e-07,0.0,0.0,26.099999668076634,70.00000029802322,8064,3,2.09210003959015,"Human visual review remains pending. Technical continuation was authorized by documented provisional exception, not by fabricated review data."
nss-p2c-0070,core_solar_wolf,blade_iron_bastion,assist_heavy,gear_medium,tip_flat_attack,PASS,,0.0,9.313225746154785e-07,0.0,0.0,24.94000014849007,70.00000029802322,7776,3,2.0682000322267413,"Human visual review remains pending. Technical continuation was authorized by documented provisional exception, not by fabricated review data."
nss-p2c-0071,core_solar_wolf,blade_iron_bastion,assist_heavy,gear_medium,tip_needle_stamina,PASS,,0.0,9.313225746154785e-07,0.0,0.0,26.900000171735883,70.00000029802322,8192,4,2.1495000110007823,"Human visual review remains pending. Technical continuation was authorized by documented provisional exception, not by fabricated review data."
nss-p2c-0072,core_solar_wolf,blade_iron_bastion,assist_heavy,gear_medium,tip_taper_balance,PASS,,0.0,9.313225746154785e-07,0.0,0.0,26.39999915845692,70.00000029802322,8192,3,1.8288000137545168,"Human visual review remains pending. Technical continuation was authorized by documented provisional exception, not by fabricated review data."
nss-p2c-0073,core_solar_wolf,blade_orbit_halo,assist_air,gear_high,tip_ball_defense,PASS,,0.0,9.313225746154785e-07,0.0,0.0,26.39999915845692,70.62370330095291,9264,5,2.6018000207841396,"Human visual review remains pending. Technical continuation was authorized by documented provisional exception, not by fabricated review data."
nss-p2c-0074,core_solar_wolf,blade_orbit_halo,assist_air,gear_high,tip_flat_attack,PASS,,0.0,9.313225746154785e-07,0.0,0.0,25.23999963887036,70.62370330095291,8976,5,2.619099977891892,"Human visual review remains pending. Technical continuation was authorized by documented provisional exception, not by fabricated review data."
nss-p2c-0075,core_solar_wolf,blade_orbit_halo,assist_air,gear_high,tip_needle_stamina,PASS,,0.0,9.313225746154785e-07,0.0,0.0,27.19999966211617,70.62370330095291,9392,5,2.7735999901778996,"Human visual review remains pending. Technical continuation was authorized by documented provisional exception, not by fabricated review data."
nss-p2c-0076,core_solar_wolf,blade_orbit_halo,assist_air,gear_high,tip_taper_balance,PASS,,0.0,9.313225746154785e-07,0.0,0.0,26.700000511482358,70.62370330095291,9392,5,2.4893999798223376,"Human visual review remains pending. Technical continuation was authorized by documented provisional exception, not by fabricated review data."
nss-p2c-0077,core_solar_wolf,blade_orbit_halo,assist_air,gear_low,tip_ball_defense,PASS,,0.0,4.6566128730773926e-07,0.0,0.0,24.400000693276525,70.62370330095291,7440,4,3.133399994112551,"Human visual review remains pending. Technical continuation was authorized by documented provisional exception, not by fabricated review data."
nss-p2c-0078,core_solar_wolf,blade_orbit_halo,assist_air,gear_low,tip_flat_attack,PASS,,0.0,4.6566128730773926e-07,0.0,0.0,23.24000117368996,70.62370330095291,7152,4,2.889900002628565,"Human visual review remains pending. Technical continuation was authorized by documented provisional exception, not by fabricated review data."
nss-p2c-0079,core_solar_wolf,blade_orbit_halo,assist_air,gear_low,tip_needle_stamina,PASS,,0.0,4.6566128730773926e-07,0.0,0.0,25.200001196935773,70.62370330095291,7568,4,3.229999972973019,"Human visual review remains pending. Technical continuation was authorized by documented provisional exception, not by fabricated review data."
nss-p2c-0080,core_solar_wolf,blade_orbit_halo,assist_air,gear_low,tip_taper_balance,PASS,,0.0,4.6566128730773926e-07,0.0,0.0,24.70000018365681,70.62370330095291,7568,4,3.119700006209314,"Human visual review remains pending. Technical continuation was authorized by documented provisional exception, not by fabricated review data."
nss-p2c-0081,core_solar_wolf,blade_orbit_halo,assist_air,gear_medium,tip_ball_defense,PASS,,0.0,9.313225746154785e-07,0.0,0.0,25.39999899454415,70.62370330095291,8688,4,2.7540000155568123,"Human visual review remains pending. Technical continuation was authorized by documented provisional exception, not by fabricated review data."
nss-p2c-0082,core_solar_wolf,blade_orbit_halo,assist_air,gear_medium,tip_flat_attack,PASS,,0.0,9.313225746154785e-07,0.0,0.0,24.239999474957585,70.62370330095291,8400,4,2.5065999943763018,"Human visual review remains pending. Technical continuation was authorized by documented provisional exception, not by fabricated review data."
nss-p2c-0083,core_solar_wolf,blade_orbit_halo,assist_air,gear_medium,tip_needle_stamina,PASS,,0.0,9.313225746154785e-07,0.0,0.0,26.199999498203397,70.62370330095291,8816,4,2.528799988795072,"Human visual review remains pending. Technical continuation was authorized by documented provisional exception, not by fabricated review data."
nss-p2c-0084,core_solar_wolf,blade_orbit_halo,assist_air,gear_medium,tip_taper_balance,PASS,,0.0,9.313225746154785e-07,0.0,0.0,25.699998484924436,70.62370330095291,8816,4,2.5868999655358493,"Human visual review remains pending. Technical continuation was authorized by documented provisional exception, not by fabricated review data."
nss-p2c-0085,core_solar_wolf,blade_orbit_halo,assist_guard,gear_high,tip_ball_defense,PASS,,0.0,9.313225746154785e-07,0.0,0.0,26.599998818710446,70.62370330095291,8736,5,2.4563999613747,"Human visual review remains pending. Technical continuation was authorized by documented provisional exception, not by fabricated review data."
nss-p2c-0086,core_solar_wolf,blade_orbit_halo,assist_guard,gear_high,tip_flat_attack,PASS,,0.0,9.313225746154785e-07,0.0,0.0,25.439999299123883,70.62370330095291,8448,5,2.5814000400714576,"Human visual review remains pending. Technical continuation was authorized by documented provisional exception, not by fabricated review data."
nss-p2c-0087,core_solar_wolf,blade_orbit_halo,assist_guard,gear_high,tip_needle_stamina,PASS,,0.0,9.313225746154785e-07,0.0,0.0,27.399999322369695,70.62370330095291,8864,5,2.4163000052794814,"Human visual review remains pending. Technical continuation was authorized by documented provisional exception, not by fabricated review data."
nss-p2c-0088,core_solar_wolf,blade_orbit_halo,assist_guard,gear_high,tip_taper_balance,PASS,,0.0,9.313225746154785e-07,0.0,0.0,26.900000171735883,70.62370330095291,8864,5,2.8324000304564834,"Human visual review remains pending. Technical continuation was authorized by documented provisional exception, not by fabricated review data."
nss-p2c-0089,core_solar_wolf,blade_orbit_halo,assist_guard,gear_low,tip_ball_defense,PASS,,0.0,4.6566128730773926e-07,0.0,0.0,24.60000035353005,70.62370330095291,6912,4,3.42989998171106,"Human visual review remains pending. Technical continuation was authorized by documented provisional exception, not by fabricated review data."
nss-p2c-0090,core_solar_wolf,blade_orbit_halo,assist_guard,gear_low,tip_flat_attack,PASS,,0.0,4.6566128730773926e-07,0.0,0.0,23.440000833943486,70.62370330095291,6624,4,2.269199991133064,"Human visual review remains pending. Technical continuation was authorized by documented provisional exception, not by fabricated review data."
nss-p2c-0091,core_solar_wolf,blade_orbit_halo,assist_guard,gear_low,tip_needle_stamina,PASS,,0.0,4.6566128730773926e-07,0.0,0.0,25.400000857189298,70.62370330095291,7040,4,2.295199956279248,"Human visual review remains pending. Technical continuation was authorized by documented provisional exception, not by fabricated review data."
nss-p2c-0092,core_solar_wolf,blade_orbit_halo,assist_guard,gear_low,tip_taper_balance,PASS,,0.0,4.6566128730773926e-07,0.0,0.0,24.899999843910336,70.62370330095291,7040,4,2.6667999918572605,"Human visual review remains pending. Technical continuation was authorized by documented provisional exception, not by fabricated review data."
nss-p2c-0093,core_solar_wolf,blade_orbit_halo,assist_guard,gear_medium,tip_ball_defense,PASS,,0.0,9.313225746154785e-07,0.0,0.0,25.599998654797673,70.62370330095291,8160,4,2.603699977044016,"Human visual review remains pending. Technical continuation was authorized by documented provisional exception, not by fabricated review data."
nss-p2c-0094,core_solar_wolf,blade_orbit_halo,assist_guard,gear_medium,tip_flat_attack,PASS,,0.0,9.313225746154785e-07,0.0,0.0,24.43999913521111,70.62370330095291,7872,4,2.311500022187829,"Human visual review remains pending. Technical continuation was authorized by documented provisional exception, not by fabricated review data."
nss-p2c-0095,core_solar_wolf,blade_orbit_halo,assist_guard,gear_medium,tip_needle_stamina,PASS,,0.0,9.313225746154785e-07,0.0,0.0,26.39999915845692,70.62370330095291,8288,4,2.446700003929436,"Human visual review remains pending. Technical continuation was authorized by documented provisional exception, not by fabricated review data."
nss-p2c-0096,core_solar_wolf,blade_orbit_halo,assist_guard,gear_medium,tip_taper_balance,PASS,,0.0,9.313225746154785e-07,0.0,0.0,25.89999814517796,70.62370330095291,8288,4,2.0935999928042293,"Human visual review remains pending. Technical continuation was authorized by documented provisional exception, not by fabricated review data."
nss-p2c-0097,core_solar_wolf,blade_orbit_halo,assist_heavy,gear_high,tip_ball_defense,PASS,,0.0,4.6566128730773926e-07,0.0,0.0,26.80000034160912,70.62370330095291,8736,5,2.280100015923381,"Human visual review remains pending. Technical continuation was authorized by documented provisional exception, not by fabricated review data."
nss-p2c-0098,core_solar_wolf,blade_orbit_halo,assist_heavy,gear_high,tip_flat_attack,PASS,,0.0,4.6566128730773926e-07,0.0,0.0,25.640000822022557,70.62370330095291,8448,5,2.5109000271186233,"Human visual review remains pending. Technical continuation was authorized by documented provisional exception, not by fabricated review data."
nss-p2c-0099,core_solar_wolf,blade_orbit_halo,assist_heavy,gear_high,tip_needle_stamina,PASS,,0.0,4.6566128730773926e-07,0.0,0.0,27.60000084526837,70.62370330095291,8864,5,2.786800032481551,"Human visual review remains pending. Technical continuation was authorized by documented provisional exception, not by fabricated review data."
nss-p2c-0100,core_solar_wolf,blade_orbit_halo,assist_heavy,gear_high,tip_taper_balance,PASS,,0.0,4.6566128730773926e-07,0.0,0.0,27.099999831989408,70.62370330095291,8864,5,2.3929000017233193,"Human visual review remains pending. Technical continuation was authorized by documented provisional exception, not by fabricated review data."
nss-p2c-0101,core_solar_wolf,blade_orbit_halo,assist_heavy,gear_low,tip_ball_defense,PASS,,0.0,4.6566128730773926e-07,0.0,0.0,24.800001876428723,70.62370330095291,6912,4,2.501900016795844,"Human visual review remains pending. Technical continuation was authorized by documented provisional exception, not by fabricated review data."
nss-p2c-0102,core_solar_wolf,blade_orbit_halo,assist_heavy,gear_low,tip_flat_attack,PASS,,0.0,4.6566128730773926e-07,0.0,0.0,23.64000235684216,70.62370330095291,6624,4,2.409999957308173,"Human visual review remains pending. Technical continuation was authorized by documented provisional exception, not by fabricated review data."
nss-p2c-0103,core_solar_wolf,blade_orbit_halo,assist_heavy,gear_low,tip_needle_stamina,PASS,,0.0,4.6566128730773926e-07,0.0,0.0,25.600000517442822,70.62370330095291,7040,4,2.1761999814771116,"Human visual review remains pending. Technical continuation was authorized by documented provisional exception, not by fabricated review data."
nss-p2c-0104,core_solar_wolf,blade_orbit_halo,assist_heavy,gear_low,tip_taper_balance,PASS,,0.0,4.6566128730773926e-07,0.0,0.0,25.10000136680901,70.62370330095291,7040,4,2.268599986564368,"Human visual review remains pending. Technical continuation was authorized by documented provisional exception, not by fabricated review data."
nss-p2c-0105,core_solar_wolf,blade_orbit_halo,assist_heavy,gear_medium,tip_ball_defense,PASS,,0.0,4.6566128730773926e-07,0.0,0.0,25.799998315051198,70.62370330095291,8160,4,2.573199977632612,"Human visual review remains pending. Technical continuation was authorized by documented provisional exception, not by fabricated review data."
nss-p2c-0106,core_solar_wolf,blade_orbit_halo,assist_heavy,gear_medium,tip_flat_attack,PASS,,0.0,4.6566128730773926e-07,0.0,0.0,24.639998795464635,70.62370330095291,7872,4,2.577299950644374,"Human visual review remains pending. Technical continuation was authorized by documented provisional exception, not by fabricated review data."
nss-p2c-0107,core_solar_wolf,blade_orbit_halo,assist_heavy,gear_medium,tip_needle_stamina,PASS,,0.0,4.6566128730773926e-07,0.0,0.0,26.599998818710446,70.62370330095291,8288,4,2.218299952801317,"Human visual review remains pending. Technical continuation was authorized by documented provisional exception, not by fabricated review data."
nss-p2c-0108,core_solar_wolf,blade_orbit_halo,assist_heavy,gear_medium,tip_taper_balance,PASS,,0.0,4.6566128730773926e-07,0.0,0.0,26.099997805431485,70.62370330095291,8288,4,2.1747000282630324,"Human visual review remains pending. Technical continuation was authorized by documented provisional exception, not by fabricated review data."
nss-p2c-0109,core_solar_wolf,blade_storm_fang,assist_air,gear_high,tip_ball_defense,PASS,,0.0,4.6566128730773926e-07,0.0,0.0,26.700000511482358,66.86078011989594,8208,5,2.612299984320998,"Human visual review remains pending. Technical continuation was authorized by documented provisional exception, not by fabricated review data."
nss-p2c-0110,core_solar_wolf,blade_storm_fang,assist_air,gear_high,tip_flat_attack,PASS,,0.0,4.6566128730773926e-07,0.0,0.0,25.540000991895795,66.86078011989594,7920,4,2.864199981559068,"Human visual review remains pending. Technical continuation was authorized by documented provisional exception, not by fabricated review data."
nss-p2c-0111,core_solar_wolf,blade_storm_fang,assist_air,gear_high,tip_needle_stamina,PASS,,0.0,4.6566128730773926e-07,0.0,0.0,27.500001015141606,66.86078011989594,8336,4,3.1436000135727227,"Human visual review remains pending. Technical continuation was authorized by documented provisional exception, not by fabricated review data."
nss-p2c-0112,core_solar_wolf,blade_storm_fang,assist_air,gear_high,tip_taper_balance,PASS,,0.0,4.6566128730773926e-07,0.0,0.0,27.000001864507794,66.86078011989594,8336,4,3.058200003579259,"Human visual review remains pending. Technical continuation was authorized by documented provisional exception, not by fabricated review data."
nss-p2c-0113,core_solar_wolf,blade_storm_fang,assist_air,gear_low,tip_ball_defense,PASS,,0.0,4.6566128730773926e-07,0.0,0.0,24.70000204630196,66.86078011989594,6384,5,2.5467000086791813,"Human visual review remains pending. Technical continuation was authorized by documented provisional exception, not by fabricated review data."
nss-p2c-0114,core_solar_wolf,blade_storm_fang,assist_air,gear_low,tip_flat_attack,PASS,,0.0,4.6566128730773926e-07,0.0,0.0,23.54000066407025,66.86078011989594,6096,4,2.26540002040565,"Human visual review remains pending. Technical continuation was authorized by documented provisional exception, not by fabricated review data."
nss-p2c-0115,core_solar_wolf,blade_storm_fang,assist_air,gear_low,tip_needle_stamina,PASS,,0.0,4.6566128730773926e-07,0.0,0.0,25.50000254996121,66.86078011989594,6512,4,2.307299990206957,"Human visual review remains pending. Technical continuation was authorized by documented provisional exception, not by fabricated review data."
nss-p2c-0116,core_solar_wolf,blade_storm_fang,assist_air,gear_low,tip_taper_balance,PASS,,0.0,4.6566128730773926e-07,0.0,0.0,25.000001536682248,66.86078011989594,6512,4,2.2773999953642488,"Human visual review remains pending. Technical continuation was authorized by documented provisional exception, not by fabricated review data."
nss-p2c-0117,core_solar_wolf,blade_storm_fang,assist_air,gear_medium,tip_ball_defense,PASS,,0.0,4.6566128730773926e-07,0.0,0.0,25.699998484924436,66.86078011989594,7632,5,3.1677999650128186,"Human visual review remains pending. Technical continuation was authorized by documented provisional exception, not by fabricated review data."
nss-p2c-0118,core_solar_wolf,blade_storm_fang,assist_air,gear_medium,tip_flat_attack,PASS,,0.0,4.6566128730773926e-07,0.0,0.0,24.539998965337873,66.86078011989594,7344,4,2.6644000317901373,"Human visual review remains pending. Technical continuation was authorized by documented provisional exception, not by fabricated review data."
nss-p2c-0119,core_solar_wolf,blade_storm_fang,assist_air,gear_medium,tip_needle_stamina,PASS,,0.0,4.6566128730773926e-07,0.0,0.0,26.499998988583684,66.86078011989594,7760,4,2.8350999928079545,"Human visual review remains pending. Technical continuation was authorized by documented provisional exception, not by fabricated review data."
nss-p2c-0120,core_solar_wolf,blade_storm_fang,assist_air,gear_medium,tip_taper_balance,PASS,,0.0,4.6566128730773926e-07,0.0,0.0,25.999999837949872,66.86078011989594,7760,4,2.718200033996254,"Human visual review remains pending. Technical continuation was authorized by documented provisional exception, not by fabricated review data."
nss-p2c-0121,core_solar_wolf,blade_storm_fang,assist_guard,gear_high,tip_ball_defense,PASS,,0.0,4.6566128730773926e-07,0.0,0.0,26.900000171735883,69.35391575098038,7680,5,2.4787000147625804,"Human visual review remains pending. Technical continuation was authorized by documented provisional exception, not by fabricated review data."
nss-p2c-0122,core_solar_wolf,blade_storm_fang,assist_guard,gear_high,tip_flat_attack,PASS,,0.0,4.6566128730773926e-07,0.0,0.0,25.74000065214932,69.35391575098038,7392,5,2.4181000189855695,"Human visual review remains pending. Technical continuation was authorized by documented provisional exception, not by fabricated review data."
nss-p2c-0123,core_solar_wolf,blade_storm_fang,assist_guard,gear_high,tip_needle_stamina,PASS,,0.0,4.6566128730773926e-07,0.0,0.0,27.70000067539513,69.35391575098038,7808,5,2.2419000160880387,"Human visual review remains pending. Technical continuation was authorized by documented provisional exception, not by fabricated review data."
nss-p2c-0124,core_solar_wolf,blade_storm_fang,assist_guard,gear_high,tip_taper_balance,PASS,,0.0,4.6566128730773926e-07,0.0,0.0,27.20000152476132,69.35391575098038,7808,5,2.3604999878443778,"Human visual review remains pending. Technical continuation was authorized by documented provisional exception, not by fabricated review data."
nss-p2c-0125,core_solar_wolf,blade_storm_fang,assist_guard,gear_low,tip_ball_defense,PASS,,0.0,4.6566128730773926e-07,0.0,0.0,24.900001706555486,69.35391575098038,5856,5,2.2622999968007207,"Human visual review remains pending. Technical continuation was authorized by documented provisional exception, not by fabricated review data."
nss-p2c-0126,core_solar_wolf,blade_storm_fang,assist_guard,gear_low,tip_flat_attack,PASS,,0.0,4.6566128730773926e-07,0.0,0.0,23.740000324323773,69.35391575098038,5568,5,1.9577000057324767,"Human visual review remains pending. Technical continuation was authorized by documented provisional exception, not by fabricated review data."
nss-p2c-0127,core_solar_wolf,blade_storm_fang,assist_guard,gear_low,tip_needle_stamina,PASS,,0.0,4.6566128730773926e-07,0.0,0.0,25.700002210214734,69.35391575098038,5984,5,2.166799968108535,"Human visual review remains pending. Technical continuation was authorized by documented provisional exception, not by fabricated review data."
nss-p2c-0128,core_solar_wolf,blade_storm_fang,assist_guard,gear_low,tip_taper_balance,PASS,,0.0,4.6566128730773926e-07,0.0,0.0,25.200001196935773,69.35391575098038,5984,5,2.7555000269785523,"Human visual review remains pending. Technical continuation was authorized by documented provisional exception, not by fabricated review data."
nss-p2c-0129,core_solar_wolf,blade_storm_fang,assist_guard,gear_medium,tip_ball_defense,PASS,,0.0,4.6566128730773926e-07,0.0,0.0,25.89999814517796,69.35391575098038,7104,5,3.361899987794459,"Human visual review remains pending. Technical continuation was authorized by documented provisional exception, not by fabricated review data."
nss-p2c-0130,core_solar_wolf,blade_storm_fang,assist_guard,gear_medium,tip_flat_attack,PASS,,0.0,4.6566128730773926e-07,0.0,0.0,24.739998625591397,69.35391575098038,6816,5,2.3603999870829284,"Human visual review remains pending. Technical continuation was authorized by documented provisional exception, not by fabricated review data."
nss-p2c-0131,core_solar_wolf,blade_storm_fang,assist_guard,gear_medium,tip_needle_stamina,PASS,,0.0,4.6566128730773926e-07,0.0,0.0,26.69999864883721,69.35391575098038,7232,5,1.890899962745607,"Human visual review remains pending. Technical continuation was authorized by documented provisional exception, not by fabricated review data."
nss-p2c-0132,core_solar_wolf,blade_storm_fang,assist_guard,gear_medium,tip_taper_balance,PASS,,0.0,4.6566128730773926e-07,0.0,0.0,26.199999498203397,69.35391575098038,7232,5,2.0252999966032803,"Human visual review remains pending. Technical continuation was authorized by documented provisional exception, not by fabricated review data."
nss-p2c-0133,core_solar_wolf,blade_storm_fang,assist_heavy,gear_high,tip_ball_defense,PASS,,0.0,9.313225746154785e-07,0.0,0.0,27.099999831989408,69.5539154112339,7680,5,2.0548999891616404,"Human visual review remains pending. Technical continuation was authorized by documented provisional exception, not by fabricated review data."
nss-p2c-0134,core_solar_wolf,blade_storm_fang,assist_heavy,gear_high,tip_flat_attack,PASS,,0.0,9.313225746154785e-07,0.0,0.0,25.940000312402844,69.5539154112339,7392,5,2.0032000029459596,"Human visual review remains pending. Technical continuation was authorized by documented provisional exception, not by fabricated review data."
nss-p2c-0135,core_solar_wolf,blade_storm_fang,assist_heavy,gear_high,tip_needle_stamina,PASS,,0.0,9.313225746154785e-07,0.0,0.0,27.900000335648656,69.5539154112339,7808,5,1.9815000123344362,"Human visual review remains pending. Technical continuation was authorized by documented provisional exception, not by fabricated review data."
nss-p2c-0136,core_solar_wolf,blade_storm_fang,assist_heavy,gear_high,tip_taper_balance,PASS,,0.0,9.313225746154785e-07,0.0,0.0,27.400001185014844,69.5539154112339,7808,5,2.168100036215037,"Human visual review remains pending. Technical continuation was authorized by documented provisional exception, not by fabricated review data."
nss-p2c-0137,core_solar_wolf,blade_storm_fang,assist_heavy,gear_low,tip_ball_defense,PASS,,0.0,4.6566128730773926e-07,0.0,0.0,25.10000136680901,69.5539154112339,5856,5,1.991499972064048,"Human visual review remains pending. Technical continuation was authorized by documented provisional exception, not by fabricated review data."
nss-p2c-0138,core_solar_wolf,blade_storm_fang,assist_heavy,gear_low,tip_flat_attack,PASS,,0.0,4.6566128730773926e-07,0.0,0.0,23.940001847222447,69.5539154112339,5568,5,1.8533000256866217,"Human visual review remains pending. Technical continuation was authorized by documented provisional exception, not by fabricated review data."
nss-p2c-0139,core_solar_wolf,blade_storm_fang,assist_heavy,gear_low,tip_needle_stamina,PASS,,0.0,4.6566128730773926e-07,0.0,0.0,25.90000187046826,69.5539154112339,5984,5,2.0123000140301883,"Human visual review remains pending. Technical continuation was authorized by documented provisional exception, not by fabricated review data."
nss-p2c-0140,core_solar_wolf,blade_storm_fang,assist_heavy,gear_low,tip_taper_balance,PASS,,0.0,4.6566128730773926e-07,0.0,0.0,25.400000857189298,69.5539154112339,5984,5,2.1046000183559954,"Human visual review remains pending. Technical continuation was authorized by documented provisional exception, not by fabricated review data."
nss-p2c-0141,core_solar_wolf,blade_storm_fang,assist_heavy,gear_medium,tip_ball_defense,PASS,,0.0,9.313225746154785e-07,0.0,0.0,26.099999668076634,69.5539154112339,7104,5,2.196099958382547,"Human visual review remains pending. Technical continuation was authorized by documented provisional exception, not by fabricated review data."
nss-p2c-0142,core_solar_wolf,blade_storm_fang,assist_heavy,gear_medium,tip_flat_attack,PASS,,0.0,9.313225746154785e-07,0.0,0.0,24.94000014849007,69.5539154112339,6816,5,2.079900004900992,"Human visual review remains pending. Technical continuation was authorized by documented provisional exception, not by fabricated review data."
nss-p2c-0143,core_solar_wolf,blade_storm_fang,assist_heavy,gear_medium,tip_needle_stamina,PASS,,0.0,9.313225746154785e-07,0.0,0.0,26.900000171735883,69.5539154112339,7232,5,2.1462999866344035,"Human visual review remains pending. Technical continuation was authorized by documented provisional exception, not by fabricated review data."
nss-p2c-0144,core_solar_wolf,blade_storm_fang,assist_heavy,gear_medium,tip_taper_balance,PASS,,0.0,9.313225746154785e-07,0.0,0.0,26.39999915845692,69.5539154112339,7232,5,2.5716000236570835,"Human visual review remains pending. Technical continuation was authorized by documented provisional exception, not by fabricated review data."
nss-p2c-0145,core_void_falcon,blade_dual_comet,assist_air,gear_high,tip_ball_defense,PASS,,0.0,4.6566128730773926e-07,0.0,0.0,26.80000034160912,67.76109710335732,9472,5,2.571500022895634,"Human visual review remains pending. Technical continuation was authorized by documented provisional exception, not by fabricated review data."
nss-p2c-0146,core_void_falcon,blade_dual_comet,assist_air,gear_high,tip_flat_attack,PASS,,0.0,4.6566128730773926e-07,0.0,0.0,25.640000822022557,67.76109710335732,9184,4,2.363000006880611,"Human visual review remains pending. Technical continuation was authorized by documented provisional exception, not by fabricated review data."
nss-p2c-0147,core_void_falcon,blade_dual_comet,assist_air,gear_high,tip_needle_stamina,PASS,,0.0,4.6566128730773926e-07,0.0,0.0,27.60000084526837,67.76109710335732,9600,4,2.747099963016808,"Human visual review remains pending. Technical continuation was authorized by documented provisional exception, not by fabricated review data."
nss-p2c-0148,core_void_falcon,blade_dual_comet,assist_air,gear_high,tip_taper_balance,PASS,,0.0,4.6566128730773926e-07,0.0,0.0,27.099999831989408,67.76109710335732,9600,4,3.0035999952815473,"Human visual review remains pending. Technical continuation was authorized by documented provisional exception, not by fabricated review data."
nss-p2c-0149,core_void_falcon,blade_dual_comet,assist_air,gear_low,tip_ball_defense,PASS,,0.0,4.6566128730773926e-07,0.0,0.0,24.800001876428723,67.76109710335732,7648,5,3.7283000419847667,"Human visual review remains pending. Technical continuation was authorized by documented provisional exception, not by fabricated review data."
nss-p2c-0150,core_void_falcon,blade_dual_comet,assist_air,gear_low,tip_flat_attack,PASS,,0.0,4.6566128730773926e-07,0.0,0.0,23.64000235684216,67.76109710335732,7360,4,3.1193000031635165,"Human visual review remains pending. Technical continuation was authorized by documented provisional exception, not by fabricated review data."
nss-p2c-0151,core_void_falcon,blade_dual_comet,assist_air,gear_low,tip_needle_stamina,PASS,,0.0,4.6566128730773926e-07,0.0,0.0,25.600000517442822,67.76109710335732,7776,4,2.49510002322495,"Human visual review remains pending. Technical continuation was authorized by documented provisional exception, not by fabricated review data."
nss-p2c-0152,core_void_falcon,blade_dual_comet,assist_air,gear_low,tip_taper_balance,PASS,,0.0,4.6566128730773926e-07,0.0,0.0,25.10000136680901,67.76109710335732,7776,4,3.57370002893731,"Human visual review remains pending. Technical continuation was authorized by documented provisional exception, not by fabricated review data."
nss-p2c-0153,core_void_falcon,blade_dual_comet,assist_air,gear_medium,tip_ball_defense,PASS,,0.0,4.6566128730773926e-07,0.0,0.0,25.799998315051198,67.76109710335732,8896,5,2.98539997311309,"Human visual review remains pending. Technical continuation was authorized by documented provisional exception, not by fabricated review data."
nss-p2c-0154,core_void_falcon,blade_dual_comet,assist_air,gear_medium,tip_flat_attack,PASS,,0.0,4.6566128730773926e-07,0.0,0.0,24.639998795464635,67.76109710335732,8608,4,2.3708000080659986,"Human visual review remains pending. Technical continuation was authorized by documented provisional exception, not by fabricated review data."
nss-p2c-0155,core_void_falcon,blade_dual_comet,assist_air,gear_medium,tip_needle_stamina,PASS,,0.0,4.6566128730773926e-07,0.0,0.0,26.599998818710446,67.76109710335732,9024,4,2.617000020109117,"Human visual review remains pending. Technical continuation was authorized by documented provisional exception, not by fabricated review data."
nss-p2c-0156,core_void_falcon,blade_dual_comet,assist_air,gear_medium,tip_taper_balance,PASS,,0.0,4.6566128730773926e-07,0.0,0.0,26.099997805431485,67.76109710335732,9024,4,3.0641999910585582,"Human visual review remains pending. Technical continuation was authorized by documented provisional exception, not by fabricated review data."
nss-p2c-0157,core_void_falcon,blade_dual_comet,assist_guard,gear_high,tip_ball_defense,PASS,,0.0,4.6566128730773926e-07,0.0,0.0,27.000000001862645,69.82934847474098,8944,5,2.3796000168658793,"Human visual review remains pending. Technical continuation was authorized by documented provisional exception, not by fabricated review data."
nss-p2c-0158,core_void_falcon,blade_dual_comet,assist_guard,gear_high,tip_flat_attack,PASS,,0.0,4.6566128730773926e-07,0.0,0.0,25.840000482276082,69.82934847474098,8656,5,2.249700017273426,"Human visual review remains pending. Technical continuation was authorized by documented provisional exception, not by fabricated review data."
nss-p2c-0159,core_void_falcon,blade_dual_comet,assist_guard,gear_high,tip_needle_stamina,PASS,,0.0,4.6566128730773926e-07,0.0,0.0,27.800000505521894,69.82934847474098,9072,5,2.2487000096589327,"Human visual review remains pending. Technical continuation was authorized by documented provisional exception, not by fabricated review data."
nss-p2c-0160,core_void_falcon,blade_dual_comet,assist_guard,gear_high,tip_taper_balance,PASS,,0.0,4.6566128730773926e-07,0.0,0.0,27.299999492242932,69.82934847474098,9072,5,2.3215999826788902,"Human visual review remains pending. Technical continuation was authorized by documented provisional exception, not by fabricated review data."
nss-p2c-0161,core_void_falcon,blade_dual_comet,assist_guard,gear_low,tip_ball_defense,PASS,,0.0,4.6566128730773926e-07,0.0,0.0,25.000001536682248,69.82934847474098,7120,5,2.2387999924831092,"Human visual review remains pending. Technical continuation was authorized by documented provisional exception, not by fabricated review data."
nss-p2c-0162,core_void_falcon,blade_dual_comet,assist_guard,gear_low,tip_flat_attack,PASS,,0.0,4.6566128730773926e-07,0.0,0.0,23.840002017095685,69.82934847474098,6832,5,2.1804000134579837,"Human visual review remains pending. Technical continuation was authorized by documented provisional exception, not by fabricated review data."
nss-p2c-0163,core_void_falcon,blade_dual_comet,assist_guard,gear_low,tip_needle_stamina,PASS,,0.0,4.6566128730773926e-07,0.0,0.0,25.800000177696347,69.82934847474098,7248,5,2.4452999932691455,"Human visual review remains pending. Technical continuation was authorized by documented provisional exception, not by fabricated review data."
nss-p2c-0164,core_void_falcon,blade_dual_comet,assist_guard,gear_low,tip_taper_balance,PASS,,0.0,4.6566128730773926e-07,0.0,0.0,25.300001027062535,69.82934847474098,7248,5,2.424400008749217,"Human visual review remains pending. Technical continuation was authorized by documented provisional exception, not by fabricated review data."
nss-p2c-0165,core_void_falcon,blade_dual_comet,assist_guard,gear_medium,tip_ball_defense,PASS,,0.0,4.6566128730773926e-07,0.0,0.0,25.999997975304723,69.82934847474098,8368,5,2.26089998614043,"Human visual review remains pending. Technical continuation was authorized by documented provisional exception, not by fabricated review data."
nss-p2c-0166,core_void_falcon,blade_dual_comet,assist_guard,gear_medium,tip_flat_attack,PASS,,0.0,4.6566128730773926e-07,0.0,0.0,24.83999845571816,69.82934847474098,8080,5,2.4235000018961728,"Human visual review remains pending. Technical continuation was authorized by documented provisional exception, not by fabricated review data."
nss-p2c-0167,core_void_falcon,blade_dual_comet,assist_guard,gear_medium,tip_needle_stamina,PASS,,0.0,4.6566128730773926e-07,0.0,0.0,26.79999847896397,69.82934847474098,8496,5,2.449899970088154,"Human visual review remains pending. Technical continuation was authorized by documented provisional exception, not by fabricated review data."
nss-p2c-0168,core_void_falcon,blade_dual_comet,assist_guard,gear_medium,tip_taper_balance,PASS,,0.0,4.6566128730773926e-07,0.0,0.0,26.29999746568501,69.82934847474098,8496,5,1.9840000313706696,"Human visual review remains pending. Technical continuation was authorized by documented provisional exception, not by fabricated review data."
nss-p2c-0169,core_void_falcon,blade_dual_comet,assist_heavy,gear_high,tip_ball_defense,PASS,,0.0,9.313225746154785e-07,0.0,0.0,27.19999966211617,70.0293481349945,8944,5,2.224500000011176,"Human visual review remains pending. Technical continuation was authorized by documented provisional exception, not by fabricated review data."
nss-p2c-0170,core_void_falcon,blade_dual_comet,assist_heavy,gear_high,tip_flat_attack,PASS,,0.0,9.313225746154785e-07,0.0,0.0,26.040000142529607,70.0293481349945,8656,5,2.731100015807897,"Human visual review remains pending. Technical continuation was authorized by documented provisional exception, not by fabricated review data."
nss-p2c-0171,core_void_falcon,blade_dual_comet,assist_heavy,gear_high,tip_needle_stamina,PASS,,0.0,9.313225746154785e-07,0.0,0.0,28.00000016577542,70.0293481349945,9072,5,2.52169999293983,"Human visual review remains pending. Technical continuation was authorized by documented provisional exception, not by fabricated review data."
nss-p2c-0172,core_void_falcon,blade_dual_comet,assist_heavy,gear_high,tip_taper_balance,PASS,,0.0,9.313225746154785e-07,0.0,0.0,27.499999152496457,70.0293481349945,9072,5,2.3857999476604164,"Human visual review remains pending. Technical continuation was authorized by documented provisional exception, not by fabricated review data."
nss-p2c-0173,core_void_falcon,blade_dual_comet,assist_heavy,gear_low,tip_ball_defense,PASS,,0.0,4.6566128730773926e-07,0.0,0.0,25.200001196935773,70.0293481349945,7120,5,2.529999997932464,"Human visual review remains pending. Technical continuation was authorized by documented provisional exception, not by fabricated review data."
nss-p2c-0174,core_void_falcon,blade_dual_comet,assist_heavy,gear_low,tip_flat_attack,PASS,,0.0,4.6566128730773926e-07,0.0,0.0,24.04000167734921,70.0293481349945,6832,5,2.216199995018542,"Human visual review remains pending. Technical continuation was authorized by documented provisional exception, not by fabricated review data."
nss-p2c-0175,core_void_falcon,blade_dual_comet,assist_heavy,gear_low,tip_needle_stamina,PASS,,0.0,4.6566128730773926e-07,0.0,0.0,26.00000170059502,70.0293481349945,7248,5,2.444199984893203,"Human visual review remains pending. Technical continuation was authorized by documented provisional exception, not by fabricated review data."
nss-p2c-0176,core_void_falcon,blade_dual_comet,assist_heavy,gear_low,tip_taper_balance,PASS,,0.0,4.6566128730773926e-07,0.0,0.0,25.50000254996121,70.0293481349945,7248,5,2.7679000049829483,"Human visual review remains pending. Technical continuation was authorized by documented provisional exception, not by fabricated review data."
nss-p2c-0177,core_void_falcon,blade_dual_comet,assist_heavy,gear_medium,tip_ball_defense,PASS,,0.0,9.313225746154785e-07,0.0,0.0,26.199999498203397,70.0293481349945,8368,5,3.232999995816499,"Human visual review remains pending. Technical continuation was authorized by documented provisional exception, not by fabricated review data."
nss-p2c-0178,core_void_falcon,blade_dual_comet,assist_heavy,gear_medium,tip_flat_attack,PASS,,0.0,9.313225746154785e-07,0.0,0.0,25.039999978616834,70.0293481349945,8080,5,2.307699993252754,"Human visual review remains pending. Technical continuation was authorized by documented provisional exception, not by fabricated review data."
nss-p2c-0179,core_void_falcon,blade_dual_comet,assist_heavy,gear_medium,tip_needle_stamina,PASS,,0.0,9.313225746154785e-07,0.0,0.0,27.000000001862645,70.0293481349945,8496,5,2.4278999771922827,"Human visual review remains pending. Technical continuation was authorized by documented provisional exception, not by fabricated review data."
nss-p2c-0180,core_void_falcon,blade_dual_comet,assist_heavy,gear_medium,tip_taper_balance,PASS,,0.0,9.313225746154785e-07,0.0,0.0,26.500000851228833,70.0293481349945,8496,5,2.382199978455901,"Human visual review remains pending. Technical continuation was authorized by documented provisional exception, not by fabricated review data."
nss-p2c-0181,core_void_falcon,blade_iron_bastion,assist_air,gear_high,tip_ball_defense,PASS,,0.0,4.6566128730773926e-07,0.0,0.0,26.700000511482358,70.00000029802322,9856,5,2.433899964671582,"Human visual review remains pending. Technical continuation was authorized by documented provisional exception, not by fabricated review data."
nss-p2c-0182,core_void_falcon,blade_iron_bastion,assist_air,gear_high,tip_flat_attack,PASS,,0.0,4.6566128730773926e-07,0.0,0.0,25.540000991895795,70.00000029802322,9568,5,2.444799989461899,"Human visual review remains pending. Technical continuation was authorized by documented provisional exception, not by fabricated review data."
nss-p2c-0183,core_void_falcon,blade_iron_bastion,assist_air,gear_high,tip_needle_stamina,PASS,,0.0,4.6566128730773926e-07,0.0,0.0,27.500001015141606,70.00000029802322,9984,5,3.71590000577271,"Human visual review remains pending. Technical continuation was authorized by documented provisional exception, not by fabricated review data."
nss-p2c-0184,core_void_falcon,blade_iron_bastion,assist_air,gear_high,tip_taper_balance,PASS,,0.0,4.6566128730773926e-07,0.0,0.0,27.000001864507794,70.00000029802322,9984,5,2.8862999752163887,"Human visual review remains pending. Technical continuation was authorized by documented provisional exception, not by fabricated review data."
nss-p2c-0185,core_void_falcon,blade_iron_bastion,assist_air,gear_low,tip_ball_defense,PASS,,0.0,4.6566128730773926e-07,0.0,0.0,24.70000204630196,70.00000029802322,8032,4,2.723400015383959,"Human visual review remains pending. Technical continuation was authorized by documented provisional exception, not by fabricated review data."
nss-p2c-0186,core_void_falcon,blade_iron_bastion,assist_air,gear_low,tip_flat_attack,PASS,,0.0,4.6566128730773926e-07,0.0,0.0,23.54000066407025,70.00000029802322,7744,4,3.457800019532442,"Human visual review remains pending. Technical continuation was authorized by documented provisional exception, not by fabricated review data."
nss-p2c-0187,core_void_falcon,blade_iron_bastion,assist_air,gear_low,tip_needle_stamina,PASS,,0.0,4.6566128730773926e-07,0.0,0.0,25.50000254996121,70.00000029802322,8160,4,3.2796000014059246,"Human visual review remains pending. Technical continuation was authorized by documented provisional exception, not by fabricated review data."
nss-p2c-0188,core_void_falcon,blade_iron_bastion,assist_air,gear_low,tip_taper_balance,PASS,,0.0,4.6566128730773926e-07,0.0,0.0,25.000001536682248,70.00000029802322,8160,4,2.836399944499135,"Human visual review remains pending. Technical continuation was authorized by documented provisional exception, not by fabricated review data."
nss-p2c-0189,core_void_falcon,blade_iron_bastion,assist_air,gear_medium,tip_ball_defense,PASS,,0.0,4.6566128730773926e-07,0.0,0.0,25.699998484924436,70.00000029802322,9280,4,2.3117000237107277,"Human visual review remains pending. Technical continuation was authorized by documented provisional exception, not by fabricated review data."
nss-p2c-0190,core_void_falcon,blade_iron_bastion,assist_air,gear_medium,tip_flat_attack,PASS,,0.0,4.6566128730773926e-07,0.0,0.0,24.539998965337873,70.00000029802322,8992,4,2.4302999954670668,"Human visual review remains pending. Technical continuation was authorized by documented provisional exception, not by fabricated review data."
nss-p2c-0191,core_void_falcon,blade_iron_bastion,assist_air,gear_medium,tip_needle_stamina,PASS,,0.0,4.6566128730773926e-07,0.0,0.0,26.499998988583684,70.00000029802322,9408,4,2.7720999787561595,"Human visual review remains pending. Technical continuation was authorized by documented provisional exception, not by fabricated review data."
nss-p2c-0192,core_void_falcon,blade_iron_bastion,assist_air,gear_medium,tip_taper_balance,PASS,,0.0,4.6566128730773926e-07,0.0,0.0,25.999999837949872,70.00000029802322,9408,4,2.692400012165308,"Human visual review remains pending. Technical continuation was authorized by documented provisional exception, not by fabricated review data."
nss-p2c-0193,core_void_falcon,blade_iron_bastion,assist_guard,gear_high,tip_ball_defense,PASS,,0.0,4.6566128730773926e-07,0.0,0.0,26.900000171735883,70.00000029802322,9328,5,2.422699995804578,"Human visual review remains pending. Technical continuation was authorized by documented provisional exception, not by fabricated review data."
nss-p2c-0194,core_void_falcon,blade_iron_bastion,assist_guard,gear_high,tip_flat_attack,PASS,,0.0,4.6566128730773926e-07,0.0,0.0,25.74000065214932,70.00000029802322,9040,5,2.114499977324158,"Human visual review remains pending. Technical continuation was authorized by documented provisional exception, not by fabricated review data."
nss-p2c-0195,core_void_falcon,blade_iron_bastion,assist_guard,gear_high,tip_needle_stamina,PASS,,0.0,4.6566128730773926e-07,0.0,0.0,27.70000067539513,70.00000029802322,9456,5,2.126600011251867,"Human visual review remains pending. Technical continuation was authorized by documented provisional exception, not by fabricated review data."
nss-p2c-0196,core_void_falcon,blade_iron_bastion,assist_guard,gear_high,tip_taper_balance,PASS,,0.0,4.6566128730773926e-07,0.0,0.0,27.20000152476132,70.00000029802322,9456,5,2.396999974735081,"Human visual review remains pending. Technical continuation was authorized by documented provisional exception, not by fabricated review data."
nss-p2c-0197,core_void_falcon,blade_iron_bastion,assist_guard,gear_low,tip_ball_defense,PASS,,0.0,4.6566128730773926e-07,0.0,0.0,24.900001706555486,70.00000029802322,7504,4,2.5946000241674483,"Human visual review remains pending. Technical continuation was authorized by documented provisional exception, not by fabricated review data."
nss-p2c-0198,core_void_falcon,blade_iron_bastion,assist_guard,gear_low,tip_flat_attack,PASS,,0.0,4.6566128730773926e-07,0.0,0.0,23.740000324323773,70.00000029802322,7216,4,2.744400000665337,"Human visual review remains pending. Technical continuation was authorized by documented provisional exception, not by fabricated review data."
nss-p2c-0199,core_void_falcon,blade_iron_bastion,assist_guard,gear_low,tip_needle_stamina,PASS,,0.0,4.6566128730773926e-07,0.0,0.0,25.700002210214734,70.00000029802322,7632,4,2.6815999881364405,"Human visual review remains pending. Technical continuation was authorized by documented provisional exception, not by fabricated review data."
nss-p2c-0200,core_void_falcon,blade_iron_bastion,assist_guard,gear_low,tip_taper_balance,PASS,,0.0,4.6566128730773926e-07,0.0,0.0,25.200001196935773,70.00000029802322,7632,4,2.618800033815205,"Human visual review remains pending. Technical continuation was authorized by documented provisional exception, not by fabricated review data."
nss-p2c-0201,core_void_falcon,blade_iron_bastion,assist_guard,gear_medium,tip_ball_defense,PASS,,0.0,4.6566128730773926e-07,0.0,0.0,25.89999814517796,70.00000029802322,8752,4,2.7764999540522695,"Human visual review remains pending. Technical continuation was authorized by documented provisional exception, not by fabricated review data."
nss-p2c-0202,core_void_falcon,blade_iron_bastion,assist_guard,gear_medium,tip_flat_attack,PASS,,0.0,4.6566128730773926e-07,0.0,0.0,24.739998625591397,70.00000029802322,8464,4,2.487400022801012,"Human visual review remains pending. Technical continuation was authorized by documented provisional exception, not by fabricated review data."
nss-p2c-0203,core_void_falcon,blade_iron_bastion,assist_guard,gear_medium,tip_needle_stamina,PASS,,0.0,4.6566128730773926e-07,0.0,0.0,26.69999864883721,70.00000029802322,8880,4,2.287300012540072,"Human visual review remains pending. Technical continuation was authorized by documented provisional exception, not by fabricated review data."
nss-p2c-0204,core_void_falcon,blade_iron_bastion,assist_guard,gear_medium,tip_taper_balance,PASS,,0.0,4.6566128730773926e-07,0.0,0.0,26.199999498203397,70.00000029802322,8880,4,2.3069000453688204,"Human visual review remains pending. Technical continuation was authorized by documented provisional exception, not by fabricated review data."
nss-p2c-0205,core_void_falcon,blade_iron_bastion,assist_heavy,gear_high,tip_ball_defense,PASS,,0.0,9.313225746154785e-07,0.0,0.0,27.099999831989408,70.00000029802322,9328,5,2.540100016631186,"Human visual review remains pending. Technical continuation was authorized by documented provisional exception, not by fabricated review data."
nss-p2c-0206,core_void_falcon,blade_iron_bastion,assist_heavy,gear_high,tip_flat_attack,PASS,,0.0,9.313225746154785e-07,0.0,0.0,25.940000312402844,70.00000029802322,9040,5,2.97070003580302,"Human visual review remains pending. Technical continuation was authorized by documented provisional exception, not by fabricated review data."
nss-p2c-0207,core_void_falcon,blade_iron_bastion,assist_heavy,gear_high,tip_needle_stamina,PASS,,0.0,9.313225746154785e-07,0.0,0.0,27.900000335648656,70.00000029802322,9456,5,2.480600029230118,"Human visual review remains pending. Technical continuation was authorized by documented provisional exception, not by fabricated review data."
nss-p2c-0208,core_void_falcon,blade_iron_bastion,assist_heavy,gear_high,tip_taper_balance,PASS,,0.0,9.313225746154785e-07,0.0,0.0,27.400001185014844,70.00000029802322,9456,5,2.4807999725453556,"Human visual review remains pending. Technical continuation was authorized by documented provisional exception, not by fabricated review data."
nss-p2c-0209,core_void_falcon,blade_iron_bastion,assist_heavy,gear_low,tip_ball_defense,PASS,,0.0,4.6566128730773926e-07,0.0,0.0,25.10000136680901,70.00000029802322,7504,4,2.606299996841699,"Human visual review remains pending. Technical continuation was authorized by documented provisional exception, not by fabricated review data."
nss-p2c-0210,core_void_falcon,blade_iron_bastion,assist_heavy,gear_low,tip_flat_attack,PASS,,0.0,4.6566128730773926e-07,0.0,0.0,23.940001847222447,70.00000029802322,7216,4,2.2000999888405204,"Human visual review remains pending. Technical continuation was authorized by documented provisional exception, not by fabricated review data."
nss-p2c-0211,core_void_falcon,blade_iron_bastion,assist_heavy,gear_low,tip_needle_stamina,PASS,,0.0,4.6566128730773926e-07,0.0,0.0,25.90000187046826,70.00000029802322,7632,4,1.9989999709650874,"Human visual review remains pending. Technical continuation was authorized by documented provisional exception, not by fabricated review data."
nss-p2c-0212,core_void_falcon,blade_iron_bastion,assist_heavy,gear_low,tip_taper_balance,PASS,,0.0,4.6566128730773926e-07,0.0,0.0,25.400000857189298,70.00000029802322,7632,4,2.61199998203665,"Human visual review remains pending. Technical continuation was authorized by documented provisional exception, not by fabricated review data."
nss-p2c-0213,core_void_falcon,blade_iron_bastion,assist_heavy,gear_medium,tip_ball_defense,PASS,,0.0,9.313225746154785e-07,0.0,0.0,26.099999668076634,70.00000029802322,8752,4,2.073400013614446,"Human visual review remains pending. Technical continuation was authorized by documented provisional exception, not by fabricated review data."
nss-p2c-0214,core_void_falcon,blade_iron_bastion,assist_heavy,gear_medium,tip_flat_attack,PASS,,0.0,9.313225746154785e-07,0.0,0.0,24.94000014849007,70.00000029802322,8464,4,2.098499971907586,"Human visual review remains pending. Technical continuation was authorized by documented provisional exception, not by fabricated review data."
nss-p2c-0215,core_void_falcon,blade_iron_bastion,assist_heavy,gear_medium,tip_needle_stamina,PASS,,0.0,9.313225746154785e-07,0.0,0.0,26.900000171735883,70.00000029802322,8880,4,2.3999999975785613,"Human visual review remains pending. Technical continuation was authorized by documented provisional exception, not by fabricated review data."
nss-p2c-0216,core_void_falcon,blade_iron_bastion,assist_heavy,gear_medium,tip_taper_balance,PASS,,0.0,9.313225746154785e-07,0.0,0.0,26.39999915845692,70.00000029802322,8880,4,3.463700006250292,"Human visual review remains pending. Technical continuation was authorized by documented provisional exception, not by fabricated review data."
nss-p2c-0217,core_void_falcon,blade_orbit_halo,assist_air,gear_high,tip_ball_defense,PASS,,0.0,9.313225746154785e-07,0.0,0.0,26.39999915845692,70.62370330095291,9952,4,2.7310000150464475,"Human visual review remains pending. Technical continuation was authorized by documented provisional exception, not by fabricated review data."
nss-p2c-0218,core_void_falcon,blade_orbit_halo,assist_air,gear_high,tip_flat_attack,PASS,,0.0,9.313225746154785e-07,0.0,0.0,25.23999963887036,70.62370330095291,9664,5,2.983400016091764,"Human visual review remains pending. Technical continuation was authorized by documented provisional exception, not by fabricated review data."
nss-p2c-0219,core_void_falcon,blade_orbit_halo,assist_air,gear_high,tip_needle_stamina,PASS,,0.0,9.313225746154785e-07,0.0,0.0,27.19999966211617,70.62370330095291,10080,4,2.928700007032603,"Human visual review remains pending. Technical continuation was authorized by documented provisional exception, not by fabricated review data."
nss-p2c-0220,core_void_falcon,blade_orbit_halo,assist_air,gear_high,tip_taper_balance,PASS,,0.0,9.313225746154785e-07,0.0,0.0,26.700000511482358,70.62370330095291,10080,5,3.339399991091341,"Human visual review remains pending. Technical continuation was authorized by documented provisional exception, not by fabricated review data."
nss-p2c-0221,core_void_falcon,blade_orbit_halo,assist_air,gear_low,tip_ball_defense,PASS,,0.0,4.6566128730773926e-07,0.0,0.0,24.400000693276525,70.62370330095291,8128,4,3.260199970100075,"Human visual review remains pending. Technical continuation was authorized by documented provisional exception, not by fabricated review data."
nss-p2c-0222,core_void_falcon,blade_orbit_halo,assist_air,gear_low,tip_flat_attack,PASS,,0.0,4.6566128730773926e-07,0.0,0.0,23.24000117368996,70.62370330095291,7840,4,3.17799998447299,"Human visual review remains pending. Technical continuation was authorized by documented provisional exception, not by fabricated review data."
nss-p2c-0223,core_void_falcon,blade_orbit_halo,assist_air,gear_low,tip_needle_stamina,PASS,,0.0,4.6566128730773926e-07,0.0,0.0,25.200001196935773,70.62370330095291,8256,4,3.122400026768446,"Human visual review remains pending. Technical continuation was authorized by documented provisional exception, not by fabricated review data."
nss-p2c-0224,core_void_falcon,blade_orbit_halo,assist_air,gear_low,tip_taper_balance,PASS,,0.0,4.6566128730773926e-07,0.0,0.0,24.70000018365681,70.62370330095291,8256,4,2.902599982917309,"Human visual review remains pending. Technical continuation was authorized by documented provisional exception, not by fabricated review data."
nss-p2c-0225,core_void_falcon,blade_orbit_halo,assist_air,gear_medium,tip_ball_defense,PASS,,0.0,9.313225746154785e-07,0.0,0.0,25.39999899454415,70.62370330095291,9376,4,2.7905000024475157,"Human visual review remains pending. Technical continuation was authorized by documented provisional exception, not by fabricated review data."
nss-p2c-0226,core_void_falcon,blade_orbit_halo,assist_air,gear_medium,tip_flat_attack,PASS,,0.0,9.313225746154785e-07,0.0,0.0,24.239999474957585,70.62370330095291,9088,4,3.147799987345934,"Human visual review remains pending. Technical continuation was authorized by documented provisional exception, not by fabricated review data."
nss-p2c-0227,core_void_falcon,blade_orbit_halo,assist_air,gear_medium,tip_needle_stamina,PASS,,0.0,9.313225746154785e-07,0.0,0.0,26.199999498203397,70.62370330095291,9504,4,2.764799981378019,"Human visual review remains pending. Technical continuation was authorized by documented provisional exception, not by fabricated review data."
nss-p2c-0228,core_void_falcon,blade_orbit_halo,assist_air,gear_medium,tip_taper_balance,PASS,,0.0,9.313225746154785e-07,0.0,0.0,25.699998484924436,70.62370330095291,9504,4,2.5887000374495983,"Human visual review remains pending. Technical continuation was authorized by documented provisional exception, not by fabricated review data."
nss-p2c-0229,core_void_falcon,blade_orbit_halo,assist_guard,gear_high,tip_ball_defense,PASS,,0.0,9.313225746154785e-07,0.0,0.0,26.599998818710446,70.62370330095291,9424,4,2.312099968548864,"Human visual review remains pending. Technical continuation was authorized by documented provisional exception, not by fabricated review data."
nss-p2c-0230,core_void_falcon,blade_orbit_halo,assist_guard,gear_high,tip_flat_attack,PASS,,0.0,9.313225746154785e-07,0.0,0.0,25.439999299123883,70.62370330095291,9136,5,2.3541999980807304,"Human visual review remains pending. Technical continuation was authorized by documented provisional exception, not by fabricated review data."
nss-p2c-0231,core_void_falcon,blade_orbit_halo,assist_guard,gear_high,tip_needle_stamina,PASS,,0.0,9.313225746154785e-07,0.0,0.0,27.399999322369695,70.62370330095291,9552,4,2.3666999768465757,"Human visual review remains pending. Technical continuation was authorized by documented provisional exception, not by fabricated review data."
nss-p2c-0232,core_void_falcon,blade_orbit_halo,assist_guard,gear_high,tip_taper_balance,PASS,,0.0,9.313225746154785e-07,0.0,0.0,26.900000171735883,70.62370330095291,9552,5,2.223299990873784,"Human visual review remains pending. Technical continuation was authorized by documented provisional exception, not by fabricated review data."
nss-p2c-0233,core_void_falcon,blade_orbit_halo,assist_guard,gear_low,tip_ball_defense,PASS,,0.0,4.6566128730773926e-07,0.0,0.0,24.60000035353005,70.62370330095291,7600,4,2.5182999670505524,"Human visual review remains pending. Technical continuation was authorized by documented provisional exception, not by fabricated review data."
nss-p2c-0234,core_void_falcon,blade_orbit_halo,assist_guard,gear_low,tip_flat_attack,PASS,,0.0,4.6566128730773926e-07,0.0,0.0,23.440000833943486,70.62370330095291,7312,4,2.5154000031761825,"Human visual review remains pending. Technical continuation was authorized by documented provisional exception, not by fabricated review data."
nss-p2c-0235,core_void_falcon,blade_orbit_halo,assist_guard,gear_low,tip_needle_stamina,PASS,,0.0,4.6566128730773926e-07,0.0,0.0,25.400000857189298,70.62370330095291,7728,4,2.703600039239973,"Human visual review remains pending. Technical continuation was authorized by documented provisional exception, not by fabricated review data."
nss-p2c-0236,core_void_falcon,blade_orbit_halo,assist_guard,gear_low,tip_taper_balance,PASS,,0.0,4.6566128730773926e-07,0.0,0.0,24.899999843910336,70.62370330095291,7728,4,2.4437999818474054,"Human visual review remains pending. Technical continuation was authorized by documented provisional exception, not by fabricated review data."
nss-p2c-0237,core_void_falcon,blade_orbit_halo,assist_guard,gear_medium,tip_ball_defense,PASS,,0.0,9.313225746154785e-07,0.0,0.0,25.599998654797673,70.62370330095291,8848,4,2.5357999838888645,"Human visual review remains pending. Technical continuation was authorized by documented provisional exception, not by fabricated review data."
nss-p2c-0238,core_void_falcon,blade_orbit_halo,assist_guard,gear_medium,tip_flat_attack,PASS,,0.0,9.313225746154785e-07,0.0,0.0,24.43999913521111,70.62370330095291,8560,4,2.6766000082716346,"Human visual review remains pending. Technical continuation was authorized by documented provisional exception, not by fabricated review data."
nss-p2c-0239,core_void_falcon,blade_orbit_halo,assist_guard,gear_medium,tip_needle_stamina,PASS,,0.0,9.313225746154785e-07,0.0,0.0,26.39999915845692,70.62370330095291,8976,4,3.031900036148727,"Human visual review remains pending. Technical continuation was authorized by documented provisional exception, not by fabricated review data."
nss-p2c-0240,core_void_falcon,blade_orbit_halo,assist_guard,gear_medium,tip_taper_balance,PASS,,0.0,9.313225746154785e-07,0.0,0.0,25.89999814517796,70.62370330095291,8976,4,2.481799980159849,"Human visual review remains pending. Technical continuation was authorized by documented provisional exception, not by fabricated review data."
nss-p2c-0241,core_void_falcon,blade_orbit_halo,assist_heavy,gear_high,tip_ball_defense,PASS,,0.0,4.6566128730773926e-07,0.0,0.0,26.80000034160912,70.62370330095291,9424,4,2.089599962346256,"Human visual review remains pending. Technical continuation was authorized by documented provisional exception, not by fabricated review data."
nss-p2c-0242,core_void_falcon,blade_orbit_halo,assist_heavy,gear_high,tip_flat_attack,PASS,,0.0,4.6566128730773926e-07,0.0,0.0,25.640000822022557,70.62370330095291,9136,5,2.533299964852631,"Human visual review remains pending. Technical continuation was authorized by documented provisional exception, not by fabricated review data."
nss-p2c-0243,core_void_falcon,blade_orbit_halo,assist_heavy,gear_high,tip_needle_stamina,PASS,,0.0,4.6566128730773926e-07,0.0,0.0,27.60000084526837,70.62370330095291,9552,4,2.851199998985976,"Human visual review remains pending. Technical continuation was authorized by documented provisional exception, not by fabricated review data."
nss-p2c-0244,core_void_falcon,blade_orbit_halo,assist_heavy,gear_high,tip_taper_balance,PASS,,0.0,4.6566128730773926e-07,0.0,0.0,27.099999831989408,70.62370330095291,9552,5,2.5248000165447593,"Human visual review remains pending. Technical continuation was authorized by documented provisional exception, not by fabricated review data."
nss-p2c-0245,core_void_falcon,blade_orbit_halo,assist_heavy,gear_low,tip_ball_defense,PASS,,0.0,4.6566128730773926e-07,0.0,0.0,24.800001876428723,70.62370330095291,7600,4,3.2119000097736716,"Human visual review remains pending. Technical continuation was authorized by documented provisional exception, not by fabricated review data."
nss-p2c-0246,core_void_falcon,blade_orbit_halo,assist_heavy,gear_low,tip_flat_attack,PASS,,0.0,4.6566128730773926e-07,0.0,0.0,23.64000235684216,70.62370330095291,7312,4,3.1512000132352114,"Human visual review remains pending. Technical continuation was authorized by documented provisional exception, not by fabricated review data."
nss-p2c-0247,core_void_falcon,blade_orbit_halo,assist_heavy,gear_low,tip_needle_stamina,PASS,,0.0,4.6566128730773926e-07,0.0,0.0,25.600000517442822,70.62370330095291,7728,4,2.6437999913468957,"Human visual review remains pending. Technical continuation was authorized by documented provisional exception, not by fabricated review data."
nss-p2c-0248,core_void_falcon,blade_orbit_halo,assist_heavy,gear_low,tip_taper_balance,PASS,,0.0,4.6566128730773926e-07,0.0,0.0,25.10000136680901,70.62370330095291,7728,4,2.8048999956808984,"Human visual review remains pending. Technical continuation was authorized by documented provisional exception, not by fabricated review data."
nss-p2c-0249,core_void_falcon,blade_orbit_halo,assist_heavy,gear_medium,tip_ball_defense,PASS,,0.0,4.6566128730773926e-07,0.0,0.0,25.799998315051198,70.62370330095291,8848,4,2.9357000021263957,"Human visual review remains pending. Technical continuation was authorized by documented provisional exception, not by fabricated review data."
nss-p2c-0250,core_void_falcon,blade_orbit_halo,assist_heavy,gear_medium,tip_flat_attack,PASS,,0.0,4.6566128730773926e-07,0.0,0.0,24.639998795464635,70.62370330095291,8560,4,2.6387000107206404,"Human visual review remains pending. Technical continuation was authorized by documented provisional exception, not by fabricated review data."
nss-p2c-0251,core_void_falcon,blade_orbit_halo,assist_heavy,gear_medium,tip_needle_stamina,PASS,,0.0,4.6566128730773926e-07,0.0,0.0,26.599998818710446,70.62370330095291,8976,4,2.522700000554323,"Human visual review remains pending. Technical continuation was authorized by documented provisional exception, not by fabricated review data."
nss-p2c-0252,core_void_falcon,blade_orbit_halo,assist_heavy,gear_medium,tip_taper_balance,PASS,,0.0,4.6566128730773926e-07,0.0,0.0,26.099997805431485,70.62370330095291,8976,4,2.4355999776162207,"Human visual review remains pending. Technical continuation was authorized by documented provisional exception, not by fabricated review data."
nss-p2c-0253,core_void_falcon,blade_storm_fang,assist_air,gear_high,tip_ball_defense,PASS,,0.0,4.6566128730773926e-07,0.0,0.0,26.700000511482358,66.86078011989594,8896,5,2.6491000317037106,"Human visual review remains pending. Technical continuation was authorized by documented provisional exception, not by fabricated review data."
nss-p2c-0254,core_void_falcon,blade_storm_fang,assist_air,gear_high,tip_flat_attack,PASS,,0.0,4.6566128730773926e-07,0.0,0.0,25.540000991895795,66.86078011989594,8608,4,2.424700011033565,"Human visual review remains pending. Technical continuation was authorized by documented provisional exception, not by fabricated review data."
nss-p2c-0255,core_void_falcon,blade_storm_fang,assist_air,gear_high,tip_needle_stamina,PASS,,0.0,4.6566128730773926e-07,0.0,0.0,27.500001015141606,66.86078011989594,9024,4,2.528799988795072,"Human visual review remains pending. Technical continuation was authorized by documented provisional exception, not by fabricated review data."
nss-p2c-0256,core_void_falcon,blade_storm_fang,assist_air,gear_high,tip_taper_balance,PASS,,0.0,4.6566128730773926e-07,0.0,0.0,27.000001864507794,66.86078011989594,9024,4,2.698299998883158,"Human visual review remains pending. Technical continuation was authorized by documented provisional exception, not by fabricated review data."
nss-p2c-0257,core_void_falcon,blade_storm_fang,assist_air,gear_low,tip_ball_defense,PASS,,0.0,4.6566128730773926e-07,0.0,0.0,24.70000204630196,66.86078011989594,7072,5,3.2541000400669873,"Human visual review remains pending. Technical continuation was authorized by documented provisional exception, not by fabricated review data."
nss-p2c-0258,core_void_falcon,blade_storm_fang,assist_air,gear_low,tip_flat_attack,PASS,,0.0,4.6566128730773926e-07,0.0,0.0,23.54000066407025,66.86078011989594,6784,4,3.4492999548092484,"Human visual review remains pending. Technical continuation was authorized by documented provisional exception, not by fabricated review data."
nss-p2c-0259,core_void_falcon,blade_storm_fang,assist_air,gear_low,tip_needle_stamina,PASS,,0.0,4.6566128730773926e-07,0.0,0.0,25.50000254996121,66.86078011989594,7200,4,2.8107999823987484,"Human visual review remains pending. Technical continuation was authorized by documented provisional exception, not by fabricated review data."
nss-p2c-0260,core_void_falcon,blade_storm_fang,assist_air,gear_low,tip_taper_balance,PASS,,0.0,4.6566128730773926e-07,0.0,0.0,25.000001536682248,66.86078011989594,7200,4,2.525600022636354,"Human visual review remains pending. Technical continuation was authorized by documented provisional exception, not by fabricated review data."
nss-p2c-0261,core_void_falcon,blade_storm_fang,assist_air,gear_medium,tip_ball_defense,PASS,,0.0,4.6566128730773926e-07,0.0,0.0,25.699998484924436,66.86078011989594,8320,5,2.1880000131204724,"Human visual review remains pending. Technical continuation was authorized by documented provisional exception, not by fabricated review data."
nss-p2c-0262,core_void_falcon,blade_storm_fang,assist_air,gear_medium,tip_flat_attack,PASS,,0.0,4.6566128730773926e-07,0.0,0.0,24.539998965337873,66.86078011989594,8032,4,2.1795000066049397,"Human visual review remains pending. Technical continuation was authorized by documented provisional exception, not by fabricated review data."
nss-p2c-0263,core_void_falcon,blade_storm_fang,assist_air,gear_medium,tip_needle_stamina,PASS,,0.0,4.6566128730773926e-07,0.0,0.0,26.499998988583684,66.86078011989594,8448,4,2.0887000137008727,"Human visual review remains pending. Technical continuation was authorized by documented provisional exception, not by fabricated review data."
nss-p2c-0264,core_void_falcon,blade_storm_fang,assist_air,gear_medium,tip_taper_balance,PASS,,0.0,4.6566128730773926e-07,0.0,0.0,25.999999837949872,66.86078011989594,8448,4,2.210400009062141,"Human visual review remains pending. Technical continuation was authorized by documented provisional exception, not by fabricated review data."
nss-p2c-0265,core_void_falcon,blade_storm_fang,assist_guard,gear_high,tip_ball_defense,PASS,,0.0,4.6566128730773926e-07,0.0,0.0,26.900000171735883,69.35391575098038,8368,5,2.05060001462698,"Human visual review remains pending. Technical continuation was authorized by documented provisional exception, not by fabricated review data."
nss-p2c-0266,core_void_falcon,blade_storm_fang,assist_guard,gear_high,tip_flat_attack,PASS,,0.0,4.6566128730773926e-07,0.0,0.0,25.74000065214932,69.35391575098038,8080,5,1.9874999998137355,"Human visual review remains pending. Technical continuation was authorized by documented provisional exception, not by fabricated review data."
nss-p2c-0267,core_void_falcon,blade_storm_fang,assist_guard,gear_high,tip_needle_stamina,PASS,,0.0,4.6566128730773926e-07,0.0,0.0,27.70000067539513,69.35391575098038,8496,5,2.13350000558421,"Human visual review remains pending. Technical continuation was authorized by documented provisional exception, not by fabricated review data."
nss-p2c-0268,core_void_falcon,blade_storm_fang,assist_guard,gear_high,tip_taper_balance,PASS,,0.0,4.6566128730773926e-07,0.0,0.0,27.20000152476132,69.35391575098038,8496,5,1.9718999974429607,"Human visual review remains pending. Technical continuation was authorized by documented provisional exception, not by fabricated review data."
nss-p2c-0269,core_void_falcon,blade_storm_fang,assist_guard,gear_low,tip_ball_defense,PASS,,0.0,4.6566128730773926e-07,0.0,0.0,24.900001706555486,69.35391575098038,6544,5,2.1309999865479767,"Human visual review remains pending. Technical continuation was authorized by documented provisional exception, not by fabricated review data."
nss-p2c-0270,core_void_falcon,blade_storm_fang,assist_guard,gear_low,tip_flat_attack,PASS,,0.0,4.6566128730773926e-07,0.0,0.0,23.740000324323773,69.35391575098038,6256,5,1.8710000440478325,"Human visual review remains pending. Technical continuation was authorized by documented provisional exception, not by fabricated review data."
nss-p2c-0271,core_void_falcon,blade_storm_fang,assist_guard,gear_low,tip_needle_stamina,PASS,,0.0,4.6566128730773926e-07,0.0,0.0,25.700002210214734,69.35391575098038,6672,5,1.813200011383742,"Human visual review remains pending. Technical continuation was authorized by documented provisional exception, not by fabricated review data."
nss-p2c-0272,core_void_falcon,blade_storm_fang,assist_guard,gear_low,tip_taper_balance,PASS,,0.0,4.6566128730773926e-07,0.0,0.0,25.200001196935773,69.35391575098038,6672,5,2.084299980197102,"Human visual review remains pending. Technical continuation was authorized by documented provisional exception, not by fabricated review data."
nss-p2c-0273,core_void_falcon,blade_storm_fang,assist_guard,gear_medium,tip_ball_defense,PASS,,0.0,4.6566128730773926e-07,0.0,0.0,25.89999814517796,69.35391575098038,7792,5,2.2104999516159296,"Human visual review remains pending. Technical continuation was authorized by documented provisional exception, not by fabricated review data."
nss-p2c-0274,core_void_falcon,blade_storm_fang,assist_guard,gear_medium,tip_flat_attack,PASS,,0.0,4.6566128730773926e-07,0.0,0.0,24.739998625591397,69.35391575098038,7504,5,2.0616999827325344,"Human visual review remains pending. Technical continuation was authorized by documented provisional exception, not by fabricated review data."
nss-p2c-0275,core_void_falcon,blade_storm_fang,assist_guard,gear_medium,tip_needle_stamina,PASS,,0.0,4.6566128730773926e-07,0.0,0.0,26.69999864883721,69.35391575098038,7920,5,2.1752999746240675,"Human visual review remains pending. Technical continuation was authorized by documented provisional exception, not by fabricated review data."
nss-p2c-0276,core_void_falcon,blade_storm_fang,assist_guard,gear_medium,tip_taper_balance,PASS,,0.0,4.6566128730773926e-07,0.0,0.0,26.199999498203397,69.35391575098038,7920,5,2.236399974208325,"Human visual review remains pending. Technical continuation was authorized by documented provisional exception, not by fabricated review data."
nss-p2c-0277,core_void_falcon,blade_storm_fang,assist_heavy,gear_high,tip_ball_defense,PASS,,0.0,9.313225746154785e-07,0.0,0.0,27.099999831989408,69.5539154112339,8368,5,1.9496000022627413,"Human visual review remains pending. Technical continuation was authorized by documented provisional exception, not by fabricated review data."
nss-p2c-0278,core_void_falcon,blade_storm_fang,assist_heavy,gear_high,tip_flat_attack,PASS,,0.0,9.313225746154785e-07,0.0,0.0,25.940000312402844,69.5539154112339,8080,5,2.0693999831564724,"Human visual review remains pending. Technical continuation was authorized by documented provisional exception, not by fabricated review data."
nss-p2c-0279,core_void_falcon,blade_storm_fang,assist_heavy,gear_high,tip_needle_stamina,PASS,,0.0,9.313225746154785e-07,0.0,0.0,27.900000335648656,69.5539154112339,8496,5,2.0052000181749463,"Human visual review remains pending. Technical continuation was authorized by documented provisional exception, not by fabricated review data."
nss-p2c-0280,core_void_falcon,blade_storm_fang,assist_heavy,gear_high,tip_taper_balance,PASS,,0.0,9.313225746154785e-07,0.0,0.0,27.400001185014844,69.5539154112339,8496,5,1.9202999537810683,"Human visual review remains pending. Technical continuation was authorized by documented provisional exception, not by fabricated review data."
nss-p2c-0281,core_void_falcon,blade_storm_fang,assist_heavy,gear_low,tip_ball_defense,PASS,,0.0,4.6566128730773926e-07,0.0,0.0,25.10000136680901,69.5539154112339,6544,5,2.030499977990985,"Human visual review remains pending. Technical continuation was authorized by documented provisional exception, not by fabricated review data."
nss-p2c-0282,core_void_falcon,blade_storm_fang,assist_heavy,gear_low,tip_flat_attack,PASS,,0.0,4.6566128730773926e-07,0.0,0.0,23.940001847222447,69.5539154112339,6256,5,2.1635000011883676,"Human visual review remains pending. Technical continuation was authorized by documented provisional exception, not by fabricated review data."
nss-p2c-0283,core_void_falcon,blade_storm_fang,assist_heavy,gear_low,tip_needle_stamina,PASS,,0.0,4.6566128730773926e-07,0.0,0.0,25.90000187046826,69.5539154112339,6672,5,2.0786999957636,"Human visual review remains pending. Technical continuation was authorized by documented provisional exception, not by fabricated review data."
nss-p2c-0284,core_void_falcon,blade_storm_fang,assist_heavy,gear_low,tip_taper_balance,PASS,,0.0,4.6566128730773926e-07,0.0,0.0,25.400000857189298,69.5539154112339,6672,5,2.0970000186935067,"Human visual review remains pending. Technical continuation was authorized by documented provisional exception, not by fabricated review data."
nss-p2c-0285,core_void_falcon,blade_storm_fang,assist_heavy,gear_medium,tip_ball_defense,PASS,,0.0,9.313225746154785e-07,0.0,0.0,26.099999668076634,69.5539154112339,7792,5,2.3763999924995005,"Human visual review remains pending. Technical continuation was authorized by documented provisional exception, not by fabricated review data."
nss-p2c-0286,core_void_falcon,blade_storm_fang,assist_heavy,gear_medium,tip_flat_attack,PASS,,0.0,9.313225746154785e-07,0.0,0.0,24.94000014849007,69.5539154112339,7504,5,2.528499986510724,"Human visual review remains pending. Technical continuation was authorized by documented provisional exception, not by fabricated review data."
nss-p2c-0287,core_void_falcon,blade_storm_fang,assist_heavy,gear_medium,tip_needle_stamina,PASS,,0.0,9.313225746154785e-07,0.0,0.0,26.900000171735883,69.5539154112339,7920,5,2.317699952982366,"Human visual review remains pending. Technical continuation was authorized by documented provisional exception, not by fabricated review data."
nss-p2c-0288,core_void_falcon,blade_storm_fang,assist_heavy,gear_medium,tip_taper_balance,PASS,,0.0,9.313225746154785e-07,0.0,0.0,26.39999915845692,69.5539154112339,7920,5,2.6507999864406884,"Human visual review remains pending. Technical continuation was authorized by documented provisional exception, not by fabricated review data."
